minor,major
T,G
A,G
T,A
C,T
C,T
C,T
A,G
T,A
T,G
A,G
G,A
A,T
T,C
T,C
A,G
T,A
A,G
C,A
G,T
T,A
T,G
T,T
T,T
T,G
A,T
G,A
A,T
T,A
A,C
G,A
T,C
A,T
A,G
A,G
G,T
A,G
A,T
C,T
C,T
A,C
C,T
A,A
C,C
C,A
C,T
A,G
G,C
C,A
T,C
A,T
C,T
C,A
A,G
T,C
A,G
C,T
T,G
T,G
G,A
C,T
T,C
A,C
A,C
G,A
T,A
A,G
C,T
A,T
T,G
G,T
A,G
T,A
T,A
A,G
T,C
A,G
A,G
G,A
A,C
C,T
T,A
C,A
A,G
A,A
T,G
G,C
A,T
C,A
C,T
A,G
C,A
T,C
T,C
C,T
T,G
C,G
A,G
G,A
A,C
G,T
C,C
A,G
T,T
C,C
T,C
T,G
A,C
C,T
A,G
T,C
A,C
T,C
T,C
T,C
A,C
A,G
T,C
G,A
G,A
T,G
A,C
A,G
G,A
G,C
T,C
T,A
G,T
T,C
T,C
G,T
C,A
G,A
T,C
T,C
C,A
T,C
A,C
C,A
C,A
C,T
T,C
A,G
T,G
T,A
G,T
T,C
T,T
T,A
T,C
T,C
A,C
A,T
T,A
C,G
A,G
G,T
G,C
G,A
T,C
G,T
C,G
T,A
G,C
T,C
A,G
A,A
A,G
C,C
T,G
G,A
T,G
G,A
G,A
G,C
G,T
C,T
A,T
G,A
T,G
G,A
T,T
G,G
G,G
G,A
T,A
G,T
T,A
A,T
A,G
C,G
G,T
A,G
T,A
A,G
C,T
A,C
C,A
G,A
T,C
