Marker_id,bay1_pd,bay2_pd,sha1_pd,sha2_pd,bay1_ar,bay2_ar,sha1_ar,sha2_ar,bay1_im,bay2_im,sha1_im,sha2_im,bay1_rp,bay2_rp,sha1_rp,sha2_rp,ril003_im,ril004_rp,ril005_pd,ril006_im,ril007_rp,ril008_ar,ril013_pd,ril017_ar,ril009_im,ril010_im,ril011_im,ril012_rp,ril014_im,ril015_rp,ril016_im,ril018_pd,ril019_rp,ril020_rp,ril021_pd,ril022_rp,ril023_ar,ril024_im,ril025_im,ril026_rp,ril027_rp,ril028_im,ril029_im,ril030_im,ril031_ar,ril033_pd,ril034_rp,ril035_pd,ril036_pd,ril037_rp,ril038_pd,ril039_ar,ril040_ar,ril042_im,ril043_ar,ril044_ar,ril045_rp,ril046_pd,ril047_pd,ril048_im,ril049_rp,ril050_ar,ril051_rp,ril052_ar,ril053_rp,ril054_pd,ril055_im,ril056_pd,ril057_ar,ril058_rp,ril059_ar,ril060_im,ril061_im,ril062_pd,ril063_rp,ril064_ar,ril065_ar,ril066_rp,ril067_im,ril068_rp,ril069_im,ril070_pd,ril071_im,ril073_rp,ril074_rp,ril075_ar,ril076_im,ril077_im,ril078_im,ril079_im,ril080_pd,ril081_pd,ril082_ar,ril083_im,ril084_pd,ril085_im,ril086_ar,ril087_rp,ril088_im,ril089_ar,ril091_pd,ril092_pd,ril093_rp,ril094_ar,ril095_rp,ril096_rp,ril097_ar,ril098_ar,ril099_pd,ril100_pd,ril101_pd,ril102_rp,ril103_rp,ril104_ar,ril105_pd,ril106_ar,ril107_ar,ril108_im,ril109_im,ril110_pd,ril111_ar,ril112_pd,ril113_pd,ril114_rp,ril115_ar,ril116_rp,ril117_pd,ril118_pd,ril119_ar,ril120_rp,ril121_ar,ril122_pd,ril123_im,ril124_ar,ril125_rp,ril126_ar,ril127_im,ril128_rp,ril129_im,ril130_ar,ril131_pd,ril132_rp,ril133_im,ril134_pd,ril135_ar,ril136_pd,ril137_rp,ril138_ar,ril139_im,ril140_rp,ril141_pd,ril142_rp,ril143_pd,ril144_im,ril145_ar,ril146_ar,ril147_ar,ril148_ar,ril149_pd,ril150_ar,ril151_rp,ril152_im,ril153_im,ril154_pd,ril155_pd,ril156_im,ril157_pd,ril158_rp,ril159_ar,ril160_ar,ril162_pd,ril163_im,ril164_rp,ril165_pd,ril166_ar,ril167_rp
RSM_1_0.05,B,B,A,A,B,B,A,A,B,B,A,A,B,B,A,A,B,B,B,A,A,A,A,A,B,B,B,A,B,A,A,B,NA,B,B,A,A,A,A,B,A,A,A,B,B,A,B,A,A,B,B,B,B,A,B,A,A,B,A,A,A,B,B,B,B,A,B,A,B,B,A,A,B,B,A,A,A,A,B,A,A,B,A,A,A,B,B,A,B,B,A,A,B,A,A,A,B,B,A,A,A,B,B,A,B,A,A,A,A,B,NA,B,B,B,B,B,A,A,A,B,A,A,B,B,A,A,A,A,B,A,A,A,A,B,B,A,A,B,A,A,A,A,B,A,A,B,B,A,B,A,B,B,B,A,A,B,A,B,A,B,B,A,A,A,A,B,A,B,B,B,B,B,B,A,A,B
RSM_1_0.15,B,B,A,A,B,B,A,A,B,B,A,A,B,B,A,A,B,B,B,A,A,A,A,A,B,B,B,A,B,A,A,B,NA,B,B,A,A,A,A,B,A,A,A,B,B,A,B,A,A,B,B,B,B,A,B,A,A,B,A,A,A,B,B,B,B,A,B,A,B,B,A,A,B,B,A,A,A,A,B,A,A,B,A,A,A,B,B,A,B,B,A,A,B,A,A,A,B,B,A,A,A,B,B,A,B,A,A,A,A,B,NA,B,B,B,B,B,A,A,A,B,A,A,B,B,A,A,A,A,B,A,A,A,A,B,B,B,A,B,A,A,A,A,B,A,A,B,B,A,B,A,B,B,B,A,A,B,A,B,A,B,B,A,A,A,A,B,A,B,B,B,B,B,B,A,A,B
RSM_1_0.25,B,B,A,A,B,B,A,A,B,B,A,A,B,B,A,A,B,B,B,A,A,A,A,A,B,B,B,A,B,A,A,B,NA,B,B,A,A,A,A,B,A,A,A,B,B,A,B,A,A,B,B,B,B,A,B,A,A,B,A,A,A,B,B,B,B,A,B,A,B,B,A,A,B,B,A,A,A,A,B,A,A,B,A,A,A,B,B,A,B,B,A,A,B,A,A,A,B,B,A,A,A,B,B,A,B,A,A,A,A,B,NA,A,B,B,B,B,A,A,A,B,A,A,B,B,A,A,A,A,B,A,A,A,A,B,B,B,A,B,A,A,A,A,B,A,A,B,B,A,B,A,B,B,B,A,A,B,A,B,A,B,B,A,A,A,A,B,A,B,B,B,B,B,B,A,A,B
RSM_1_0.35,B,B,A,A,B,B,A,A,B,B,A,A,B,B,A,A,B,B,B,A,A,A,A,A,A,B,B,A,B,A,A,B,NA,B,B,A,A,A,A,B,A,A,A,B,B,A,B,A,A,B,B,B,B,A,B,A,A,B,A,A,A,B,B,B,B,A,B,A,B,B,A,A,B,B,A,A,A,A,B,A,A,B,A,A,A,B,B,A,B,B,A,A,B,A,A,A,B,B,A,A,A,B,B,A,B,A,A,A,A,NA,NA,A,B,B,B,B,A,A,A,B,A,A,B,B,A,A,A,A,B,A,A,A,A,B,B,B,A,B,A,A,A,A,B,A,A,B,B,A,B,A,B,B,B,A,A,B,A,B,A,B,B,A,A,B,A,B,A,B,B,B,B,B,B,A,A,B
RSM_1_0.45,B,B,A,A,B,B,A,A,B,B,A,A,B,B,A,A,B,B,B,A,A,A,A,A,A,B,B,A,B,A,A,B,NA,B,B,A,A,A,A,B,A,A,A,B,B,A,B,A,A,B,B,B,B,A,B,A,A,B,A,A,A,B,B,B,B,A,B,A,B,B,A,A,B,B,A,A,A,A,B,A,A,B,A,A,A,B,B,A,B,B,A,A,B,A,A,A,B,B,A,A,A,B,B,A,B,A,A,A,A,NA,NA,A,B,B,B,B,A,A,A,B,A,A,B,B,A,A,A,A,B,A,A,A,A,B,B,B,A,B,A,A,A,A,B,A,A,B,B,A,B,A,B,B,B,A,A,B,B,B,A,B,B,A,A,B,A,B,A,B,B,A,B,B,B,A,A,B
RSM_1_0.55,B,B,A,A,B,B,A,A,B,B,A,A,B,B,A,A,B,B,B,A,A,A,A,A,A,B,B,A,B,A,A,B,NA,B,B,A,A,A,A,B,A,A,A,B,B,A,B,A,A,B,B,B,B,A,B,A,B,B,A,A,A,B,B,B,B,A,B,A,B,B,A,A,B,B,A,A,A,A,B,A,A,B,A,A,A,B,B,A,B,B,A,A,B,A,A,A,B,B,A,A,A,B,B,A,B,A,A,A,A,NA,NA,A,B,B,B,B,A,A,A,B,A,A,B,B,A,A,A,A,B,A,A,A,A,B,B,B,A,B,A,A,A,A,B,A,A,B,B,A,B,A,B,B,B,A,A,B,B,B,A,B,B,A,A,B,A,B,A,B,B,A,B,B,B,A,A,B
RSM_1_0.65,B,B,A,A,B,B,A,A,B,B,A,A,B,B,A,A,B,B,B,A,A,A,A,A,A,B,B,A,B,A,A,B,NA,B,B,A,A,A,A,B,A,A,A,B,B,A,B,A,A,B,B,B,B,A,B,A,B,B,A,A,A,B,B,B,B,A,B,B,B,B,A,A,B,B,A,A,A,A,B,A,A,B,A,A,A,B,B,A,B,B,A,A,B,A,A,A,B,B,A,A,A,B,B,A,B,A,A,A,A,NA,NA,A,B,B,B,B,A,A,A,B,A,A,B,B,A,A,A,A,B,A,A,A,A,B,B,B,A,B,A,A,A,A,B,A,A,B,B,A,B,A,B,B,B,A,A,B,B,B,A,B,B,A,A,B,A,B,A,B,B,A,B,B,B,A,A,B
RSM_1_0.75,B,B,A,A,B,B,A,A,B,B,A,A,B,B,A,A,B,B,B,A,A,A,A,A,A,B,B,A,B,A,A,B,NA,B,B,A,A,A,A,B,A,A,A,B,B,A,B,A,A,B,B,B,B,A,B,A,B,B,A,A,A,B,B,B,B,A,B,B,B,B,A,A,B,B,A,A,A,A,B,A,A,B,A,A,B,B,B,A,B,B,A,A,B,A,A,A,B,B,A,A,A,B,B,A,B,A,A,A,A,NA,NA,A,B,B,B,B,A,A,A,B,A,A,B,B,A,A,A,A,B,A,A,A,A,B,B,B,A,B,A,A,A,A,B,A,A,B,B,A,B,A,B,B,B,A,A,B,B,B,A,B,B,A,A,B,A,B,A,B,B,A,B,B,B,A,A,B
RSM_1_0.85,B,B,A,A,B,B,A,A,B,B,A,A,B,B,A,A,B,B,B,A,A,A,A,A,A,B,B,A,B,A,A,B,NA,B,B,A,A,A,A,B,A,A,A,B,B,A,B,A,A,B,B,B,B,A,B,A,B,B,A,A,A,B,B,B,B,A,B,B,B,B,A,A,B,B,A,A,A,A,B,A,A,B,A,A,B,B,B,A,B,B,A,A,B,A,A,A,B,B,A,A,A,B,B,A,B,A,A,A,A,NA,NA,A,B,B,B,B,A,A,A,B,NA,A,B,B,A,A,A,A,B,A,A,A,A,B,B,B,A,B,A,A,A,A,B,A,A,B,B,A,B,A,B,B,B,A,A,B,B,B,A,B,B,A,A,B,A,B,A,B,B,A,B,B,B,A,A,B
RSM_1_0.95,B,B,A,A,B,B,A,A,B,B,A,A,B,B,A,A,B,B,B,A,A,A,A,A,A,B,B,A,B,A,A,B,B,B,B,A,A,A,A,B,A,A,A,B,B,A,B,A,A,B,B,B,B,A,B,A,B,B,A,A,A,B,B,B,B,A,B,B,B,B,A,A,B,B,A,A,A,A,B,A,A,B,A,A,B,B,B,A,B,B,A,A,B,A,A,A,B,B,A,A,A,B,B,A,B,A,A,A,A,NA,NA,A,B,B,B,B,A,A,A,B,NA,A,B,B,A,A,A,A,B,A,A,A,A,B,B,B,A,B,A,A,A,A,B,A,A,B,A,A,B,A,B,B,B,A,A,B,B,B,A,B,B,A,A,B,A,B,A,B,B,A,B,B,B,A,A,B
RSM_1_1.05,B,B,A,A,B,B,A,A,B,B,A,A,B,B,A,A,B,B,B,A,A,A,A,A,A,B,B,A,B,A,A,B,B,B,B,A,A,A,A,B,A,A,A,B,B,A,B,A,A,B,B,B,B,A,B,A,B,B,A,A,A,B,B,B,B,A,B,B,B,B,A,A,B,B,A,A,A,A,B,A,A,B,A,NA,B,B,B,A,B,B,A,A,B,A,A,A,B,B,A,A,A,B,B,A,B,A,A,A,A,NA,NA,A,B,B,B,B,A,A,A,B,NA,A,B,B,A,A,A,A,B,A,A,A,A,B,B,B,A,B,A,A,A,A,B,A,A,B,A,A,B,A,B,B,B,A,A,B,B,B,A,B,B,A,A,B,A,B,A,B,B,A,B,B,B,A,A,B
RSM_1_1.15,B,B,A,A,B,B,A,A,B,B,A,A,B,B,A,A,B,B,B,A,A,A,A,A,A,B,B,A,B,A,A,B,B,B,B,A,A,A,B,B,A,A,A,B,B,A,B,A,A,B,B,B,B,A,B,A,B,B,A,A,A,B,B,B,B,A,B,B,B,B,A,A,B,B,A,A,A,A,B,A,A,B,A,NA,B,B,B,A,B,B,A,A,B,A,A,A,B,B,A,A,A,NA,B,A,B,A,A,A,A,NA,NA,A,B,B,B,B,A,A,A,B,NA,A,B,B,A,A,A,A,B,A,A,A,A,B,B,B,A,B,A,A,A,A,B,A,A,B,A,A,B,A,B,B,B,A,A,B,B,B,A,B,B,A,A,B,A,B,A,B,B,A,B,B,B,A,A,B
RSM_1_1.25,B,B,A,A,B,B,A,A,B,B,A,A,B,B,A,A,B,B,B,A,A,A,A,A,A,B,B,A,B,A,A,B,B,B,B,A,A,A,B,B,A,A,A,B,B,A,B,A,A,B,B,B,B,A,B,A,B,B,A,A,A,A,B,B,B,A,B,B,B,B,A,A,B,B,A,A,A,A,B,A,A,B,A,NA,B,B,B,A,B,B,A,A,B,A,A,A,B,B,A,A,A,NA,B,A,B,A,A,A,A,NA,NA,A,B,B,B,B,A,A,A,B,NA,A,B,B,A,A,A,A,B,A,A,A,A,B,B,B,A,B,A,A,A,A,B,A,A,B,A,A,B,A,B,B,B,A,A,B,B,B,A,B,B,A,A,B,A,B,A,B,B,A,B,B,B,A,A,B
RSM_1_1.35,B,B,A,A,B,B,A,A,B,B,A,A,B,B,A,A,B,B,B,A,A,A,A,A,A,B,B,A,B,A,A,B,B,B,B,A,A,A,B,B,A,A,A,B,B,A,B,A,A,B,B,B,B,A,B,A,B,B,A,A,A,A,B,B,B,B,B,B,B,B,A,A,B,B,A,A,A,A,B,A,A,B,A,NA,B,B,B,A,B,B,A,A,B,A,A,A,B,B,A,A,A,NA,B,A,B,A,A,A,A,NA,NA,A,B,B,B,B,A,A,A,B,NA,A,B,B,A,A,A,A,B,A,A,A,A,B,B,B,A,B,A,A,A,A,B,A,A,B,A,A,B,A,B,B,B,A,A,B,B,B,A,B,B,A,A,B,A,B,A,B,B,A,B,A,B,A,A,B
RSM_1_1.45,B,B,A,A,B,B,A,A,B,B,A,A,B,B,A,A,B,B,B,A,A,A,A,A,A,B,B,A,B,A,A,B,B,B,B,A,A,A,B,B,A,A,A,B,B,A,B,A,A,B,B,B,B,A,B,A,B,B,A,A,A,A,B,B,B,B,B,B,B,B,A,A,B,B,B,A,A,A,B,A,A,B,A,NA,B,B,B,A,B,B,A,A,B,A,A,A,B,B,A,A,A,NA,B,A,B,A,A,A,A,NA,NA,A,B,B,B,B,A,A,A,B,NA,A,B,B,A,A,A,A,B,A,A,A,A,B,B,B,A,B,A,A,A,A,B,A,A,B,A,A,B,A,B,B,B,A,A,B,B,B,A,B,B,A,A,B,A,B,A,B,B,A,B,A,B,A,A,B
RSM_1_1.55,B,B,A,A,B,B,A,A,B,B,A,A,B,B,A,A,B,B,B,A,A,A,A,A,A,B,B,A,B,A,B,B,B,B,A,A,A,A,B,B,A,A,A,B,B,A,B,A,A,B,B,B,B,A,NA,A,B,B,A,A,A,A,B,B,B,B,B,B,B,B,A,A,A,B,B,A,A,A,B,A,A,B,A,NA,B,B,B,A,B,B,A,A,B,A,NA,A,B,B,B,A,A,NA,B,A,B,A,A,A,A,NA,NA,A,B,B,B,B,A,A,A,B,NA,A,B,B,A,A,A,A,B,A,A,A,A,B,A,B,A,B,A,A,A,A,B,A,A,B,B,A,B,A,B,B,B,A,A,B,B,B,A,B,B,A,A,B,A,B,A,B,B,A,B,A,B,A,A,B
RSM_1_1.65,B,B,A,A,B,B,A,A,B,B,A,A,B,B,A,A,B,B,B,A,A,A,A,A,A,B,B,A,B,A,B,B,B,B,A,A,A,A,B,B,A,A,A,B,B,A,B,A,A,B,B,B,B,A,NA,A,B,B,A,A,A,A,B,B,B,B,B,B,B,B,A,A,A,B,B,A,A,A,B,A,A,B,A,NA,B,B,B,A,B,B,A,A,B,A,NA,A,B,B,B,A,A,NA,B,A,B,A,A,A,A,NA,NA,A,B,A,B,B,A,A,A,B,A,A,B,B,A,A,A,A,B,A,A,A,A,B,A,B,A,B,A,A,A,A,B,A,A,B,B,A,B,A,B,B,B,A,A,B,B,B,A,B,B,A,A,B,A,B,A,B,B,A,B,A,B,A,A,B
RSM_1_1.75,B,B,A,A,B,B,A,A,B,B,A,A,B,B,A,A,B,B,A,A,A,A,A,A,A,B,B,A,B,A,B,B,B,B,A,A,A,A,B,B,A,A,A,B,B,A,B,A,A,B,B,B,B,A,NA,A,B,B,A,A,A,A,B,B,B,B,B,B,B,B,A,A,A,B,B,A,A,A,B,A,A,B,A,NA,B,B,B,A,B,B,A,A,B,A,NA,A,B,B,B,A,A,NA,B,A,B,A,A,A,A,NA,NA,A,B,A,B,B,A,A,A,B,A,A,B,B,A,A,A,A,B,A,A,A,A,B,A,B,A,B,A,A,A,A,B,A,A,B,B,A,B,A,B,B,B,A,A,B,B,B,A,B,B,A,A,B,A,B,A,B,B,A,B,A,B,A,A,B
RSM_1_1.85,B,B,A,A,B,B,A,A,B,B,A,A,B,B,A,A,B,B,A,A,A,A,A,A,A,B,B,A,B,A,B,B,B,B,A,A,A,A,B,B,A,A,A,B,B,A,B,A,A,B,B,B,B,A,NA,A,B,B,A,A,A,A,B,B,B,B,B,B,B,B,A,A,A,B,B,A,A,A,A,A,A,B,A,B,B,B,B,A,B,B,A,A,B,A,NA,A,B,B,B,A,A,NA,B,A,B,A,A,A,A,NA,NA,A,B,A,B,B,A,A,A,B,A,A,B,B,A,A,A,B,B,A,A,A,A,B,A,B,A,B,A,A,A,A,A,A,A,B,B,A,B,A,B,B,B,A,A,B,B,B,A,B,B,A,A,B,A,B,A,B,B,A,B,A,B,A,A,B
RSM_1_1.95,B,B,A,A,B,B,A,A,B,B,A,A,B,B,A,A,B,B,A,A,A,A,A,A,A,B,B,A,B,A,B,B,B,B,A,A,A,A,B,B,A,A,A,B,B,A,B,A,A,B,B,B,B,A,NA,A,B,B,A,A,A,A,B,B,B,B,B,B,B,B,A,A,A,B,B,A,A,A,A,A,A,B,A,B,B,B,B,A,B,B,A,A,B,A,NA,A,B,B,B,A,A,NA,B,A,B,A,A,A,A,NA,NA,A,B,A,B,B,A,A,A,B,A,A,B,B,A,A,A,B,B,A,A,A,A,B,A,B,A,B,A,A,A,A,A,A,A,B,B,A,B,A,B,B,B,A,A,B,B,B,A,B,B,A,A,B,A,B,A,B,B,A,B,A,B,A,A,B
RSM_1_2.05,B,B,A,A,B,B,A,A,B,B,A,A,B,B,A,A,B,B,A,A,A,A,A,A,A,B,B,A,B,A,B,B,B,B,A,A,A,A,B,B,A,A,A,B,B,A,B,A,A,B,B,B,B,A,NA,A,B,B,A,A,A,A,B,B,B,B,B,B,B,B,A,A,A,B,B,A,A,A,A,A,A,B,A,B,B,B,B,A,B,B,A,A,B,A,NA,A,B,B,B,A,A,NA,B,A,B,A,A,A,A,NA,NA,A,B,A,B,B,A,A,A,B,A,A,B,B,A,A,A,B,B,A,A,A,A,B,A,B,A,B,A,A,A,A,A,A,A,B,B,A,B,A,B,B,B,A,A,B,B,B,A,B,B,A,A,B,A,B,A,B,B,A,B,A,B,A,A,B
RSM_1_2.15,B,B,A,A,B,B,A,A,B,B,A,A,B,B,A,A,B,B,A,A,A,A,A,A,A,B,B,A,B,A,B,B,B,B,A,A,A,A,B,B,A,A,A,B,B,A,B,A,A,B,B,B,B,A,NA,A,B,B,A,A,A,A,B,B,B,B,B,B,B,B,A,A,A,B,B,A,A,A,A,A,A,B,A,B,B,B,B,A,B,B,A,A,B,A,NA,A,B,B,B,A,A,NA,B,A,B,A,A,A,A,NA,NA,A,B,A,B,B,A,A,A,B,A,A,B,B,A,A,A,B,B,A,A,A,A,B,A,B,A,B,A,A,A,A,A,A,A,B,B,A,B,A,B,B,B,A,A,B,B,B,A,B,B,A,A,B,A,B,A,B,B,A,B,A,B,A,A,B
RSM_1_2.25,B,B,A,A,B,B,A,A,B,B,A,A,B,B,A,A,B,B,A,A,A,A,A,A,A,B,B,A,B,A,B,B,B,B,A,A,A,A,B,B,A,A,A,B,B,B,B,A,A,B,B,B,B,A,NA,A,B,B,A,A,A,A,B,B,B,B,B,B,A,B,A,A,A,B,B,A,A,A,A,A,A,B,A,B,B,B,B,A,B,B,A,A,B,A,NA,A,B,B,B,A,A,NA,B,A,B,A,A,A,A,NA,NA,A,B,A,B,B,A,A,A,B,B,A,B,B,A,A,A,B,B,A,A,A,A,B,A,B,A,B,A,A,A,A,A,A,A,B,B,A,B,A,B,B,B,A,A,B,B,B,A,B,B,A,A,B,A,B,A,B,B,A,B,A,B,A,A,B
RSM_1_2.35,B,B,A,A,B,B,A,A,B,B,A,A,B,B,A,A,B,B,A,A,A,A,A,A,A,B,B,A,B,A,B,B,B,B,A,A,A,A,B,B,A,A,A,B,B,B,B,A,A,B,B,B,B,A,NA,A,B,B,A,A,A,A,B,B,B,B,B,B,A,B,A,A,A,B,B,A,A,A,A,A,A,B,A,B,B,B,B,A,B,B,A,A,B,A,NA,A,B,B,B,A,A,NA,B,A,B,A,A,A,A,NA,NA,B,B,A,B,B,A,A,A,B,B,A,B,B,A,A,A,B,B,A,A,A,A,B,A,B,A,B,A,A,A,A,A,A,A,B,B,A,B,A,B,B,B,A,A,B,B,B,A,B,B,A,A,B,A,B,A,B,B,A,B,A,B,A,A,B
RSM_1_2.45,B,B,A,A,B,B,A,A,B,B,A,A,B,B,A,A,B,B,A,A,A,A,A,A,A,B,B,A,B,A,B,B,B,B,A,A,A,A,B,B,A,A,A,B,B,B,B,A,A,B,B,B,B,A,NA,A,B,B,A,A,A,A,B,B,B,B,B,B,A,B,A,A,A,B,B,A,A,A,A,A,A,B,A,B,B,B,B,A,B,B,A,A,B,A,NA,A,B,B,B,A,A,NA,B,A,B,A,A,A,A,NA,NA,B,B,A,B,B,A,A,A,B,B,A,B,B,A,A,A,B,B,A,A,A,A,B,A,B,A,B,A,A,A,A,A,A,A,B,B,A,B,A,B,B,B,A,A,B,B,B,A,B,B,A,A,B,A,B,A,A,B,A,B,A,B,A,A,B
RSM_1_2.55,B,B,A,A,B,B,A,A,B,B,A,A,B,B,A,A,B,B,A,A,A,A,A,A,A,B,B,A,B,A,B,B,A,B,A,A,A,A,B,B,A,A,A,B,B,B,B,A,A,B,B,B,B,A,NA,A,B,B,A,A,A,A,B,B,B,B,B,B,A,B,A,A,A,B,B,A,A,A,A,A,A,B,A,B,B,B,B,A,B,B,A,A,B,A,NA,A,B,B,B,A,A,NA,B,A,B,A,A,A,A,NA,NA,B,B,A,B,B,A,A,A,B,B,A,B,B,A,A,A,B,B,A,A,A,A,B,A,B,A,B,A,A,A,A,A,A,A,B,B,A,B,A,B,B,B,A,A,B,B,B,A,B,B,A,A,B,A,B,A,A,B,A,B,A,B,A,A,B
RSM_1_2.65,B,B,A,A,B,B,A,A,B,B,A,A,B,B,A,A,B,B,A,A,A,A,A,A,A,B,B,A,B,A,B,B,A,B,A,A,A,A,B,B,A,A,A,B,B,B,B,A,A,B,B,B,B,A,NA,A,B,B,A,A,A,A,B,B,B,B,B,B,A,B,A,A,A,B,B,B,A,A,A,A,A,B,A,B,B,B,B,A,B,B,A,A,B,A,NA,A,B,B,B,A,A,NA,B,A,B,A,A,A,A,NA,NA,B,B,A,B,B,A,A,A,B,B,A,B,B,A,A,A,B,B,A,A,A,A,B,A,B,A,B,A,A,A,A,A,A,A,B,B,A,B,A,B,B,B,A,A,B,B,B,A,B,B,A,A,B,A,B,A,A,B,A,B,A,B,A,A,B
RSM_1_2.75,B,B,A,A,B,B,A,A,B,B,A,A,B,B,A,A,B,B,A,A,A,A,A,A,NA,B,B,A,B,A,B,B,A,B,A,A,A,A,B,B,A,A,A,B,B,B,B,A,A,B,B,B,B,A,NA,A,B,B,A,A,A,A,B,B,B,B,B,B,A,B,A,A,A,B,B,B,A,A,A,A,A,B,A,B,B,B,B,A,B,B,A,A,B,A,NA,A,B,B,B,A,A,NA,B,A,B,A,A,A,A,NA,NA,B,B,A,B,B,A,A,A,B,B,A,B,B,A,A,A,B,B,A,A,A,A,B,A,B,A,B,A,A,A,A,A,A,A,B,B,A,B,A,B,B,B,A,A,B,B,B,A,B,B,A,A,B,A,B,A,A,B,A,B,A,B,A,A,B
RSM_1_2.85,B,B,A,A,B,B,A,A,B,B,A,A,B,B,A,A,B,B,A,A,A,A,A,A,NA,B,B,A,B,A,B,B,A,B,A,A,B,A,B,B,A,A,A,B,B,B,B,A,A,B,B,B,B,A,NA,A,B,B,A,A,A,A,B,B,B,B,B,B,A,B,A,A,A,B,B,B,A,A,A,A,A,B,A,B,B,B,B,A,B,B,A,A,B,A,NA,A,B,B,B,A,A,NA,B,A,B,A,A,A,A,NA,NA,B,B,A,B,B,A,A,A,B,B,A,B,B,A,A,A,B,B,A,A,A,A,B,A,B,A,B,A,A,A,A,A,A,A,B,B,A,B,A,B,B,B,A,A,B,B,B,A,B,B,A,A,B,A,B,A,A,B,A,B,A,B,A,A,B
RSM_1_2.95,B,B,A,A,B,B,A,A,B,B,A,A,B,B,A,A,B,B,A,A,A,A,A,A,NA,B,B,A,B,A,B,B,A,B,A,A,B,A,B,B,A,A,A,B,B,B,B,A,A,B,B,B,B,A,NA,B,B,B,A,A,A,A,B,B,B,B,B,B,A,B,A,A,A,B,B,B,A,A,A,A,A,B,A,B,B,B,B,A,B,B,A,A,B,A,NA,A,B,B,B,A,A,NA,B,A,B,A,A,A,A,NA,NA,B,B,A,B,B,A,A,A,B,B,A,B,B,A,A,A,B,B,A,A,A,A,B,A,B,A,B,A,A,A,A,A,A,A,A,B,A,B,A,B,B,B,A,A,B,B,B,A,B,B,A,A,B,A,B,A,A,B,A,B,A,B,A,A,B
RSM_1_3.05,B,B,A,A,B,B,A,A,B,B,A,A,B,B,A,A,B,B,A,A,A,A,A,A,NA,B,B,A,B,A,B,B,A,B,A,A,B,A,B,B,A,A,A,B,B,B,B,A,A,A,B,B,B,A,NA,B,B,B,A,A,A,A,B,B,B,B,B,B,A,B,A,A,A,B,B,B,A,A,A,A,A,B,A,B,B,B,B,A,B,B,A,A,B,A,NA,A,B,B,B,A,A,NA,B,A,B,A,A,A,A,NA,NA,B,B,A,B,B,A,A,A,B,B,A,B,B,A,A,A,B,B,A,A,A,A,B,A,B,A,B,A,A,A,A,A,A,A,A,B,A,B,A,B,B,B,A,A,B,B,B,A,B,B,B,A,B,A,B,A,A,B,A,B,A,B,A,A,B
RSM_1_3.15,B,B,A,A,B,B,A,A,B,B,A,A,B,B,A,A,B,B,A,A,A,A,A,A,NA,B,B,A,B,A,B,B,A,B,A,A,B,A,B,B,A,A,A,B,B,B,B,A,A,A,B,B,B,A,NA,B,B,B,A,A,A,A,B,B,B,B,B,B,A,B,A,A,A,B,B,B,A,A,A,A,A,B,A,B,B,B,B,A,B,B,A,A,B,A,NA,A,B,B,B,A,A,NA,A,A,B,A,A,A,A,NA,NA,B,B,A,B,B,A,A,A,B,B,A,B,B,A,A,A,B,B,A,A,A,A,B,A,B,A,B,A,A,A,A,A,A,A,A,B,A,B,A,B,B,B,A,A,B,B,B,A,B,B,B,A,B,A,B,A,A,B,A,B,A,B,A,A,B
RSM_1_3.25,B,B,A,A,B,B,A,A,B,B,A,A,B,B,A,A,B,B,A,A,A,A,A,A,NA,B,B,A,B,A,B,B,B,B,A,A,B,A,B,B,A,A,A,B,B,B,B,A,A,A,B,B,B,A,NA,B,B,B,A,A,A,A,B,B,B,B,B,B,A,B,A,A,A,B,B,B,NA,A,A,A,A,B,A,B,B,B,B,A,B,B,A,A,B,A,NA,A,B,B,B,A,A,NA,A,A,B,A,A,A,A,NA,NA,B,B,A,B,B,A,A,A,B,B,A,B,B,A,A,A,B,B,A,A,A,A,B,A,B,A,B,A,A,A,A,A,A,A,A,B,A,B,A,B,B,B,A,A,B,B,B,A,B,B,B,A,B,A,B,A,A,B,A,B,A,B,A,A,B
RSM_1_3.35,B,B,A,A,B,B,A,A,B,B,A,A,B,B,A,A,B,B,A,A,A,A,A,A,NA,B,B,A,B,A,B,B,B,B,A,A,B,A,B,B,A,A,A,B,B,B,B,A,A,A,B,B,B,A,NA,B,B,B,A,A,A,A,B,B,B,B,B,B,A,B,A,A,A,B,B,B,NA,A,A,A,A,B,A,B,B,B,B,A,B,B,A,A,B,A,NA,A,B,B,B,A,A,NA,A,A,B,A,A,A,A,NA,NA,B,B,A,B,B,A,A,A,B,B,A,B,B,A,A,A,B,B,A,A,A,A,B,A,B,A,B,A,A,A,A,A,A,A,A,B,A,B,A,B,B,B,A,A,B,B,B,A,B,B,B,A,B,A,B,A,A,B,A,B,A,B,A,A,B
RSM_1_3.45,B,B,A,A,B,B,A,A,B,B,A,A,B,B,A,A,B,B,A,A,A,A,A,A,NA,B,B,A,B,A,B,B,B,B,A,A,B,A,B,B,A,A,A,B,B,B,B,A,A,A,B,B,B,A,NA,B,B,B,A,A,A,A,B,B,B,B,B,B,A,B,A,A,A,B,B,B,NA,A,A,A,A,B,A,B,B,B,B,A,B,B,A,A,B,A,NA,A,B,B,B,A,A,NA,A,A,B,A,A,A,A,NA,NA,B,B,A,B,B,A,A,A,B,B,A,B,B,A,A,A,B,B,A,A,A,A,B,A,B,A,B,A,A,A,A,A,A,A,A,B,A,B,A,B,B,B,A,A,B,B,B,B,B,B,B,A,B,A,B,A,A,B,A,B,A,B,A,A,B
RSM_1_3.55,B,B,A,A,B,B,A,A,B,B,A,A,B,B,A,A,B,B,A,A,A,A,A,A,NA,B,B,A,B,A,B,B,B,B,A,A,B,A,B,B,A,A,A,B,B,B,B,A,A,A,B,B,B,A,NA,B,B,B,A,A,A,A,B,B,B,B,B,B,A,B,A,A,A,B,B,B,NA,A,A,A,A,B,A,B,B,B,B,A,B,B,A,A,B,A,NA,A,B,B,B,A,A,NA,A,A,B,A,A,A,A,NA,NA,B,B,A,B,B,A,A,A,B,B,A,B,B,A,A,A,B,B,A,A,A,A,B,A,B,A,B,A,A,A,A,A,A,A,A,B,A,B,A,B,B,B,A,A,B,B,B,B,B,B,B,A,B,A,B,A,A,B,A,B,A,B,A,A,B
RSM_1_3.65,B,B,A,A,B,B,A,A,B,B,A,A,B,B,A,A,B,B,A,A,A,A,A,A,NA,B,B,A,B,A,B,B,B,B,A,A,B,A,B,B,A,A,A,B,B,B,B,A,A,A,B,B,B,A,NA,B,B,B,A,A,A,A,B,B,A,B,B,B,A,B,A,A,A,B,B,B,NA,A,A,A,A,B,A,B,B,B,B,A,B,B,A,A,B,A,NA,A,B,B,B,A,A,NA,A,A,B,A,A,A,A,NA,NA,B,B,A,B,B,A,A,A,B,B,A,B,B,A,A,A,B,B,A,A,A,A,B,A,B,A,A,A,A,A,A,A,A,A,A,B,A,B,A,B,B,B,A,A,B,B,B,B,B,B,B,A,B,A,B,A,A,B,A,B,A,B,A,A,B
RSM_1_3.75,B,B,A,A,B,B,A,A,B,B,A,A,B,B,A,A,B,B,A,A,A,A,A,A,NA,B,B,A,B,A,B,B,B,B,A,A,B,A,B,B,A,A,A,B,B,B,B,A,A,B,B,B,B,A,NA,B,B,B,A,A,A,A,B,B,A,B,B,B,A,B,A,A,A,B,B,B,NA,A,A,A,A,B,A,B,B,B,B,A,B,B,A,A,B,A,NA,A,B,B,B,A,A,NA,A,A,B,A,A,A,A,NA,NA,B,B,A,B,B,A,A,A,B,B,A,B,B,A,A,A,B,B,A,A,A,A,B,A,B,A,A,A,A,A,A,A,A,A,A,B,A,B,A,B,B,B,A,A,B,B,B,B,B,B,B,A,B,A,B,A,A,B,A,B,A,B,A,A,B
RSM_1_3.85,B,B,A,A,B,B,A,A,B,B,A,A,B,B,A,A,B,B,A,A,A,A,A,A,NA,B,B,A,B,A,B,B,B,B,A,A,B,A,B,B,A,A,A,B,B,B,B,A,A,B,B,B,B,A,NA,B,B,B,A,A,A,A,B,B,A,B,B,B,A,B,A,A,A,B,B,B,NA,A,A,A,A,B,A,B,B,B,B,A,B,B,A,A,B,A,NA,A,B,B,B,A,A,NA,A,A,B,A,A,A,A,NA,NA,B,B,A,B,B,A,A,A,B,B,A,B,B,NA,A,A,B,B,A,A,A,B,B,A,B,A,A,A,A,A,A,A,A,A,A,B,A,B,A,B,B,B,A,A,B,B,B,B,B,B,B,A,B,A,B,A,A,B,A,B,A,B,A,A,B
RSM_1_3.95,B,B,A,A,B,B,A,A,B,B,A,A,B,B,A,A,B,B,A,A,A,A,A,A,NA,B,B,A,B,A,B,B,B,B,A,A,B,A,B,B,A,A,A,B,B,B,B,A,A,B,B,B,B,A,NA,B,B,B,A,A,A,A,B,A,A,B,B,B,A,B,A,A,A,B,B,B,NA,A,A,A,A,B,A,B,B,B,B,A,B,B,A,A,B,A,NA,A,B,B,B,A,A,NA,A,A,B,A,A,A,A,NA,NA,B,B,A,B,B,A,A,A,B,A,A,B,B,NA,A,A,B,B,A,A,A,B,B,A,B,A,A,A,A,A,A,A,A,A,A,B,A,B,A,B,B,B,A,A,B,B,B,B,B,B,B,A,B,A,B,A,A,B,A,B,A,B,A,A,B
RSM_1_4.05,B,B,A,A,B,B,A,A,B,B,A,A,B,B,A,A,B,A,A,A,A,A,A,A,NA,B,B,A,B,A,B,B,B,B,A,A,B,A,B,B,A,A,A,B,B,B,B,A,A,B,B,B,B,A,NA,B,B,B,A,A,A,A,B,A,A,B,B,B,A,B,A,A,A,B,B,B,NA,A,A,A,A,B,A,B,B,B,B,A,B,B,A,A,B,A,NA,A,B,B,B,A,A,NA,A,A,B,A,A,A,A,NA,NA,B,B,A,B,B,A,A,A,B,A,A,B,B,NA,A,A,B,B,A,A,A,B,B,A,B,A,A,A,A,A,A,A,A,A,A,B,A,B,A,B,B,B,A,A,B,B,B,B,B,B,B,A,B,A,B,A,A,B,A,B,A,B,A,A,B
RSM_1_4.15,B,B,A,A,B,B,A,A,B,B,A,A,B,B,A,A,B,A,A,A,A,A,A,A,NA,B,B,A,B,A,B,B,B,B,A,A,B,A,B,B,A,A,A,B,B,B,B,A,A,B,B,B,B,A,NA,B,B,B,A,A,A,A,B,A,A,B,B,B,A,B,A,A,A,B,B,B,NA,A,A,A,A,B,A,B,B,B,B,A,B,B,A,A,B,A,NA,A,B,B,B,A,A,NA,A,A,B,A,A,A,A,NA,NA,B,B,A,B,B,A,A,A,B,A,A,B,B,NA,A,A,B,B,A,A,A,B,B,A,B,A,A,A,A,A,A,A,A,A,A,B,A,B,A,B,B,B,A,A,B,B,B,B,B,B,B,A,B,A,B,A,A,B,A,B,A,B,A,A,B
RSM_1_4.25,B,B,A,A,B,B,A,A,B,B,A,A,B,B,A,A,B,A,A,A,A,A,A,A,NA,B,B,A,B,A,B,B,B,B,A,A,B,A,B,B,A,A,A,B,B,B,B,A,A,B,B,B,B,A,NA,B,B,B,A,A,A,A,B,B,A,B,B,B,A,B,A,A,A,B,B,B,NA,A,NA,A,A,B,A,B,B,B,B,A,B,B,A,A,B,A,NA,A,B,B,B,A,A,NA,A,A,B,A,A,A,A,NA,NA,B,B,A,B,B,A,A,A,B,A,A,B,B,NA,A,A,B,B,A,A,A,B,B,A,B,A,A,A,A,A,A,A,A,A,A,B,A,B,A,B,B,B,A,A,B,B,B,B,B,B,B,A,B,A,B,A,A,B,A,B,A,B,A,A,B
RSM_1_4.35,B,B,A,A,B,B,A,A,B,B,A,A,B,B,A,A,B,A,A,A,A,A,A,A,NA,B,B,A,B,A,B,B,B,B,A,A,B,A,B,B,A,A,A,B,B,B,B,A,A,B,B,B,B,A,NA,B,B,B,A,A,A,A,B,B,A,B,B,B,A,B,A,A,A,B,B,B,NA,A,NA,A,A,B,A,B,A,B,B,A,B,B,A,A,B,A,NA,A,B,B,B,A,A,NA,A,A,B,A,A,A,A,NA,NA,B,B,A,B,B,A,A,A,B,A,A,B,B,NA,A,A,B,B,A,A,A,B,B,A,B,A,A,A,A,A,A,A,A,A,A,B,A,B,A,B,B,B,A,A,B,B,B,A,B,B,B,A,B,A,B,A,A,B,A,B,A,B,A,A,B
RSM_1_4.45,B,B,A,A,B,B,A,A,B,B,A,A,B,B,A,A,A,A,A,A,A,A,A,A,NA,B,B,A,B,A,B,B,B,B,A,A,B,A,B,B,A,A,A,B,B,B,B,A,A,B,B,B,B,A,NA,B,B,B,A,A,A,A,B,B,A,B,B,B,A,B,A,A,A,B,B,B,NA,A,NA,A,A,B,A,B,A,B,B,A,B,B,A,A,B,A,NA,A,B,B,B,A,A,NA,A,A,B,A,A,A,A,NA,NA,B,B,A,B,B,A,A,A,B,A,A,B,B,NA,A,A,B,B,A,A,A,B,B,A,B,A,A,A,A,A,A,A,A,A,A,B,A,B,A,B,B,B,A,A,B,B,B,A,B,B,B,A,B,A,B,A,A,B,A,B,A,B,A,A,B
RSM_1_4.55,B,B,A,A,B,B,A,A,B,B,A,A,B,B,A,A,A,A,A,A,A,A,A,A,NA,B,B,A,B,A,B,B,B,B,A,A,B,A,B,B,A,A,A,B,B,B,B,A,A,B,B,B,B,A,NA,B,B,B,A,A,A,A,B,B,A,B,B,B,A,B,A,A,A,B,B,B,NA,A,NA,A,A,B,A,B,A,B,B,A,B,B,A,A,B,A,NA,A,B,B,B,A,A,NA,A,A,B,A,A,A,A,NA,NA,B,B,A,B,B,A,A,A,B,A,A,B,B,NA,A,A,B,B,A,A,A,B,B,A,B,A,A,A,A,A,A,A,A,A,A,B,A,B,A,B,B,B,A,A,B,B,B,A,B,B,B,A,B,A,B,A,A,B,A,B,A,B,A,A,B
RSM_1_4.65,B,B,A,A,B,B,A,A,B,B,A,A,B,B,A,A,A,A,A,A,A,A,A,A,NA,B,B,A,B,A,B,B,B,B,A,A,B,A,B,B,A,A,A,B,B,B,B,A,A,B,B,B,B,A,NA,B,B,B,A,A,A,A,B,B,A,B,B,B,A,B,A,A,A,B,B,B,B,A,NA,A,A,B,A,B,A,A,B,A,B,B,A,A,B,A,NA,A,B,B,B,A,A,NA,A,A,B,A,A,A,A,NA,NA,B,B,A,B,B,A,A,A,B,A,A,B,B,NA,A,A,B,B,A,A,A,B,B,A,B,A,A,A,A,A,A,A,A,A,A,B,A,A,A,B,B,B,A,A,B,B,B,A,B,B,B,A,B,A,B,A,A,B,A,B,A,B,A,A,B
RSM_1_4.75,B,B,A,A,B,B,A,A,B,B,A,A,B,B,A,A,A,A,A,A,A,A,A,B,NA,B,B,A,B,A,B,B,B,B,A,A,B,A,B,B,A,A,A,B,B,B,B,A,A,B,B,B,B,A,NA,B,B,B,A,A,A,A,B,B,A,B,B,B,A,B,A,A,A,B,B,B,B,A,NA,A,A,B,A,B,A,A,B,A,B,B,A,A,B,A,NA,A,B,B,B,A,A,A,A,A,B,A,A,A,A,NA,NA,B,B,A,B,B,A,A,A,B,A,A,B,B,NA,A,A,B,B,A,A,A,B,B,A,B,A,A,A,A,A,A,A,A,A,A,B,A,A,A,B,A,B,A,A,B,B,B,A,B,B,B,A,B,A,B,A,A,B,A,B,A,B,A,A,B
RSM_1_4.85,B,B,A,A,B,B,A,A,B,B,A,A,B,B,A,A,A,A,A,A,A,A,A,B,NA,B,B,A,B,A,B,B,B,B,A,B,B,A,B,B,A,A,A,B,B,B,B,A,A,B,B,B,B,A,NA,B,B,B,A,A,A,A,B,B,A,B,B,B,A,B,A,A,A,B,B,B,B,A,NA,A,A,B,A,B,A,A,B,A,B,B,A,A,B,A,NA,A,B,B,B,A,A,A,A,A,B,A,A,A,A,NA,NA,B,B,A,B,B,A,A,A,B,A,A,B,B,NA,A,A,B,B,A,A,A,B,B,A,B,A,A,A,A,A,A,A,A,A,A,B,A,A,A,B,A,B,A,A,B,B,B,A,B,B,B,A,B,A,B,A,A,B,A,B,A,B,A,A,B
RSM_1_4.95,B,B,A,A,B,B,A,A,B,B,A,A,B,B,A,A,A,A,A,A,A,A,A,B,NA,B,B,A,B,A,B,B,B,B,A,B,B,A,B,B,A,A,A,B,B,B,B,A,A,B,B,B,B,A,NA,B,B,B,A,A,A,A,B,B,A,B,B,B,A,B,A,A,B,B,B,B,B,A,NA,A,A,B,A,A,A,A,B,A,B,B,A,A,B,A,NA,A,B,B,B,A,A,A,A,A,B,A,A,A,A,NA,NA,B,B,A,B,B,A,A,A,B,A,A,B,B,NA,A,A,B,B,A,A,A,B,B,A,NA,A,A,A,A,A,A,A,A,A,A,B,A,A,A,B,A,B,A,A,B,B,B,A,B,B,B,A,B,A,B,A,A,B,A,B,A,B,A,A,B
RSM_1_5.05,B,B,A,A,B,B,A,A,B,B,A,A,B,B,A,A,A,A,A,A,A,A,A,B,NA,B,B,A,B,A,B,B,B,B,A,B,B,A,B,B,A,A,A,B,B,B,B,A,A,B,B,B,B,A,NA,B,B,B,A,A,A,A,B,B,A,B,B,B,A,B,A,A,B,B,B,B,B,A,NA,A,A,B,A,A,A,A,B,A,B,B,A,A,B,A,NA,A,B,B,B,A,A,A,A,A,B,A,A,A,A,NA,NA,B,B,A,B,B,A,A,A,B,A,A,B,B,NA,A,A,B,B,A,A,A,B,B,A,NA,A,A,A,A,A,A,A,A,A,A,B,A,A,A,B,A,B,A,A,B,B,B,A,B,B,B,A,B,A,B,A,A,B,A,B,A,B,A,A,B
RSM_1_5.15,B,B,A,A,B,B,A,A,B,B,A,A,B,B,A,A,A,A,A,A,A,A,A,B,NA,B,B,A,B,A,B,B,B,B,A,B,B,A,B,B,B,A,A,B,B,B,B,A,A,B,B,B,B,A,NA,B,B,B,A,A,A,A,B,B,A,B,B,B,A,B,A,A,B,B,B,B,B,A,NA,A,A,B,A,A,A,A,B,A,B,B,A,A,B,A,NA,A,B,B,B,A,A,A,A,A,B,A,A,A,A,NA,NA,B,B,A,B,B,A,A,A,B,A,A,B,B,NA,A,A,B,B,A,A,A,B,B,A,NA,A,A,A,A,A,A,A,A,A,A,B,A,A,A,B,A,B,A,A,B,B,B,A,B,B,B,A,B,A,B,A,A,B,A,B,A,B,A,A,B
RSM_1_5.25,B,B,A,A,B,B,A,A,B,B,A,A,B,B,A,A,A,A,A,A,A,A,A,B,NA,B,B,A,B,A,B,B,B,B,A,B,B,A,B,B,B,A,A,B,B,B,B,B,A,B,B,B,B,A,NA,B,B,B,A,A,A,A,B,B,A,B,B,B,A,B,A,A,B,B,B,B,B,A,NA,A,A,B,A,A,A,A,B,A,B,B,A,A,B,A,NA,A,B,B,B,B,A,A,A,A,B,A,A,A,A,NA,NA,B,B,A,B,B,A,A,A,B,A,A,B,B,NA,A,A,B,B,A,A,A,B,B,A,NA,A,A,A,A,A,A,A,A,A,A,B,A,A,A,B,A,B,A,A,B,B,B,A,B,B,B,A,B,A,B,A,A,B,A,B,A,B,A,A,B
RSM_1_5.35,B,B,A,A,B,B,A,A,B,B,A,A,B,B,A,A,A,A,A,A,A,A,A,B,NA,B,B,A,B,A,B,A,B,B,A,B,B,A,B,B,B,A,A,B,B,B,B,B,A,B,B,B,B,A,NA,B,B,B,A,A,A,A,B,B,A,B,B,B,A,B,A,A,B,B,B,B,B,A,NA,A,A,B,A,A,A,A,B,A,B,B,A,A,B,A,NA,A,B,B,B,B,A,A,A,A,B,A,A,A,A,NA,NA,B,B,A,B,B,A,A,A,B,A,A,B,B,NA,A,A,B,B,A,A,A,B,B,A,NA,A,A,A,A,A,A,A,A,A,A,B,A,A,A,B,A,B,A,A,B,B,B,A,B,B,B,A,B,A,B,A,A,B,A,B,A,B,A,A,B
RSM_1_5.45,B,B,A,A,B,B,A,A,B,B,A,A,B,B,A,A,A,A,A,A,A,A,A,B,NA,B,B,A,B,A,B,A,B,B,A,B,B,A,B,B,B,A,A,B,B,B,B,B,A,B,B,B,B,A,NA,B,B,B,A,A,A,A,B,NA,A,B,B,B,A,B,A,A,B,B,B,B,B,A,NA,A,A,B,A,A,A,A,B,A,B,B,A,A,B,A,NA,A,B,B,B,B,A,A,A,A,B,A,A,A,A,NA,NA,B,B,A,B,B,A,A,A,B,A,A,B,B,NA,A,A,B,B,A,A,A,B,B,A,NA,A,A,A,A,A,A,A,A,A,A,B,A,A,A,B,A,B,A,A,A,B,B,A,B,B,B,A,B,A,B,A,A,B,A,B,A,B,A,A,B
RSM_1_5.55,B,B,A,A,B,B,A,A,B,B,A,A,B,B,A,A,A,A,A,A,A,A,A,B,NA,B,B,A,B,A,B,A,B,B,A,B,B,A,B,B,B,A,A,B,B,B,B,B,A,B,B,B,B,A,NA,B,B,B,A,A,A,A,B,NA,A,B,B,B,A,B,A,A,B,B,B,B,B,A,NA,A,A,B,A,A,A,A,B,A,B,B,A,A,B,A,NA,A,B,B,B,B,A,A,A,A,B,A,A,A,A,NA,NA,B,B,A,B,B,A,A,A,B,A,A,B,B,NA,A,A,B,B,A,A,A,B,B,A,NA,A,A,A,A,A,A,A,A,A,A,B,A,A,A,B,A,B,B,A,A,B,B,A,B,B,A,A,B,A,B,A,A,B,A,B,A,B,A,A,B
RSM_1_5.65,B,B,A,A,B,B,A,A,B,B,A,A,B,B,A,A,A,A,A,A,A,A,A,B,NA,B,B,A,B,A,B,A,B,B,A,B,B,A,B,B,B,A,A,B,B,B,B,B,A,B,B,B,B,A,NA,B,B,B,A,A,A,A,B,NA,A,B,B,B,A,B,A,A,B,B,B,B,B,A,NA,A,A,B,A,A,A,A,B,A,B,B,A,A,B,A,NA,A,B,B,B,B,A,A,A,A,B,A,A,A,A,NA,NA,B,B,A,B,B,A,A,A,B,A,A,B,B,NA,A,A,B,B,A,A,A,B,B,A,NA,A,A,A,A,A,A,A,A,A,A,B,A,A,A,B,A,B,B,A,A,B,B,A,B,B,A,A,B,A,B,A,A,B,A,B,A,B,A,A,B
RSM_1_5.75,B,B,A,A,B,B,A,A,B,B,A,A,B,B,A,A,A,A,A,A,A,A,A,B,NA,B,B,A,B,A,B,A,B,B,A,B,B,A,B,B,B,A,A,B,B,B,B,B,A,B,B,B,B,A,NA,B,B,B,A,A,A,A,B,NA,A,B,B,B,A,B,A,A,B,B,B,B,B,A,NA,A,A,B,A,A,A,A,B,A,B,B,A,A,B,A,A,A,B,B,B,B,A,A,A,A,B,A,A,A,A,NA,NA,B,B,A,B,B,A,A,A,B,A,A,B,B,B,A,A,B,B,A,A,A,B,B,A,NA,A,A,A,A,A,A,A,A,A,A,B,A,A,A,B,A,B,A,A,A,B,B,A,B,B,A,A,B,A,B,A,A,B,A,B,A,B,A,A,B
RSM_1_5.85,B,B,A,A,B,B,A,A,B,B,A,A,B,B,A,A,A,A,A,A,A,A,A,B,NA,B,B,A,B,A,B,A,B,B,A,B,B,A,B,B,B,A,A,B,B,B,B,B,A,B,B,B,B,A,NA,B,B,B,A,A,A,A,B,NA,A,B,B,B,A,B,A,A,B,B,B,B,B,A,NA,A,A,B,A,A,A,A,B,A,B,B,A,A,B,A,A,A,B,B,B,B,A,A,A,A,B,A,A,A,A,NA,NA,B,B,A,B,B,A,A,A,B,A,A,B,B,B,A,A,B,B,A,A,A,B,B,A,NA,A,A,A,A,A,A,A,A,A,A,B,A,A,A,B,A,B,A,A,A,B,B,A,B,B,A,A,B,A,B,A,A,B,A,B,A,B,A,A,B
RSM_1_5.95,B,B,A,A,B,B,A,A,B,B,A,A,B,B,A,A,A,A,A,A,A,A,A,B,NA,B,B,A,B,A,B,A,B,B,A,B,B,A,B,B,B,A,A,B,B,B,B,B,A,B,B,B,B,A,NA,B,B,B,A,A,A,A,B,NA,A,B,B,B,A,B,A,A,B,B,B,B,B,A,NA,A,A,B,A,A,A,A,B,A,B,B,A,A,B,A,A,A,B,B,B,NA,A,A,A,A,B,A,A,A,A,NA,NA,B,B,A,B,B,A,A,A,B,A,A,B,B,B,A,A,B,B,A,A,A,B,B,A,NA,A,A,A,A,A,A,A,A,A,A,B,A,A,A,B,A,B,A,A,A,B,B,A,B,B,A,A,B,A,B,A,A,B,A,B,A,B,A,A,B
RSM_1_6.05,B,B,A,A,B,B,A,A,B,B,A,A,B,B,A,A,A,A,A,A,A,A,A,B,NA,B,B,A,B,A,B,A,B,B,A,B,B,A,B,B,B,A,A,B,B,B,B,B,A,B,B,B,B,A,NA,B,B,B,A,A,A,A,B,NA,A,B,B,B,A,B,A,A,B,B,B,B,B,A,NA,A,A,B,A,A,A,A,B,A,B,B,A,A,B,A,A,A,B,B,B,NA,A,A,A,A,B,B,A,A,A,NA,NA,B,B,A,B,B,A,A,A,B,A,A,B,B,B,A,A,B,B,A,A,A,B,B,A,NA,A,A,A,A,A,A,A,A,A,A,B,A,A,A,B,A,B,A,A,A,B,B,A,A,B,A,A,B,A,B,A,A,B,A,B,A,B,A,A,B
RSM_1_6.15,B,B,A,A,B,B,A,A,B,B,A,A,B,B,A,A,A,A,A,A,A,A,A,B,NA,B,B,A,B,A,B,A,B,B,A,B,B,A,B,B,B,A,A,B,B,B,B,B,A,B,B,B,B,A,NA,B,B,B,A,A,A,A,B,NA,A,B,B,B,A,B,A,A,A,B,B,B,B,A,NA,A,A,B,A,A,A,A,B,A,B,B,A,A,B,A,A,A,B,B,B,NA,A,A,A,A,B,B,A,A,A,NA,NA,B,B,A,B,B,A,A,A,B,A,A,B,B,B,A,A,B,B,A,A,A,B,B,A,NA,A,A,A,A,A,A,A,A,A,A,B,A,A,A,B,A,B,A,A,A,B,B,A,A,B,A,A,B,A,B,A,A,B,A,B,A,B,A,A,B
RSM_1_6.25,B,B,A,A,B,B,A,A,B,B,A,A,B,B,A,A,A,A,A,A,A,A,A,B,NA,B,B,A,B,A,B,A,B,B,A,B,B,A,B,B,B,A,A,B,B,B,B,B,A,B,B,B,B,A,NA,B,B,B,A,A,A,A,B,NA,A,B,B,B,A,B,A,A,A,B,B,B,B,A,NA,A,A,B,A,A,A,A,B,A,B,B,A,A,B,A,A,A,B,B,B,NA,A,A,A,A,B,B,A,A,A,NA,NA,B,B,A,B,B,A,A,A,B,A,A,B,B,B,A,A,B,B,A,A,A,B,B,A,NA,A,A,A,A,A,A,A,A,A,A,B,A,A,A,B,A,B,A,A,A,B,B,A,A,B,A,A,B,A,B,A,A,B,A,B,A,B,A,A,B
RSM_1_6.35,B,B,A,A,B,B,A,A,B,B,A,A,B,B,A,A,A,A,A,A,A,A,A,B,NA,B,B,A,B,A,B,A,B,B,A,B,B,A,B,B,B,A,A,B,B,B,B,B,A,B,B,B,B,A,NA,B,B,B,A,A,A,A,B,NA,A,B,B,B,A,B,A,A,A,B,B,B,B,A,NA,A,A,B,A,A,A,A,B,A,B,B,A,A,B,A,A,A,B,B,B,NA,A,A,A,A,B,B,A,A,A,NA,NA,B,B,A,B,B,A,A,A,B,A,A,B,B,B,A,A,B,B,A,A,A,B,B,A,NA,A,A,A,A,A,A,A,A,A,A,B,A,A,A,B,A,B,A,A,A,B,B,A,A,B,A,A,B,A,B,A,A,B,A,B,A,B,A,A,B
RSM_1_6.45,B,B,A,A,B,B,A,A,B,B,A,A,B,B,A,A,A,A,A,A,A,A,A,B,NA,B,B,A,B,A,B,A,B,B,A,B,B,A,B,B,B,A,A,B,B,B,B,B,A,B,B,B,B,A,NA,B,B,B,A,A,A,A,B,NA,A,B,B,B,A,B,A,A,A,B,B,B,B,A,NA,A,A,B,A,A,A,A,B,A,B,B,A,A,B,A,A,A,B,B,B,NA,A,A,A,A,B,B,A,A,A,NA,NA,B,B,A,B,B,A,A,A,B,A,A,B,B,B,A,A,B,B,A,A,A,B,B,A,NA,A,A,A,A,A,A,A,A,A,A,B,A,A,A,B,A,B,A,A,A,B,B,A,A,B,A,A,B,A,B,A,A,B,A,B,A,B,A,A,B
RSM_1_6.55,B,B,A,A,B,B,A,A,B,B,A,A,B,B,A,A,A,A,A,A,A,A,A,B,NA,B,B,A,B,A,B,A,B,B,A,B,B,A,B,B,B,A,A,B,B,B,B,B,A,B,B,B,B,A,A,B,B,B,A,A,A,A,B,NA,A,B,B,B,A,B,A,A,A,B,B,B,B,A,B,A,A,B,A,A,A,A,B,A,B,B,A,A,B,A,A,A,B,B,B,NA,A,A,A,A,B,B,A,A,A,NA,NA,B,B,A,B,B,A,A,A,B,A,A,B,B,B,A,A,B,B,A,A,A,B,B,A,NA,A,A,A,A,A,A,A,A,A,A,B,A,A,A,B,A,B,A,A,A,B,B,A,A,B,A,A,B,A,B,A,A,B,A,B,A,B,A,A,B
RSM_1_6.65,B,B,A,A,B,B,A,A,B,B,A,A,B,B,A,A,A,A,A,A,A,A,A,B,NA,B,B,A,B,A,B,A,B,B,A,B,B,A,B,B,B,A,A,B,B,B,B,B,A,B,B,B,B,A,A,B,B,B,A,A,A,A,B,NA,A,B,B,B,A,B,A,A,A,B,B,B,B,A,B,A,A,B,A,A,A,A,A,A,B,B,A,A,B,A,A,A,B,B,B,NA,A,A,A,A,B,B,A,A,A,NA,NA,B,B,A,B,B,A,B,A,B,A,A,B,B,B,A,A,B,B,A,A,A,B,B,B,NA,A,A,A,A,A,A,A,A,A,A,B,A,A,A,A,A,B,A,A,A,B,B,A,A,B,A,A,B,A,B,A,A,B,A,B,A,B,A,A,B
RSM_1_6.75,B,B,A,A,B,B,A,A,B,B,A,A,B,B,A,A,A,A,A,A,A,A,A,B,NA,B,B,A,B,A,B,A,B,B,A,B,B,A,B,B,B,A,A,B,B,B,B,B,A,B,B,B,B,A,A,B,B,B,A,A,A,A,B,NA,A,B,B,B,A,B,A,A,A,B,B,B,B,A,B,A,A,B,A,A,A,A,A,A,B,B,A,A,B,A,A,A,B,B,B,NA,A,A,A,A,B,B,A,A,A,NA,NA,B,B,A,B,B,A,B,A,B,A,A,B,B,B,A,A,B,B,A,A,A,B,B,B,NA,A,A,A,A,A,A,A,A,A,A,B,A,A,A,A,A,B,A,A,A,B,B,A,A,B,A,A,B,A,B,A,A,B,A,B,A,B,A,A,B
RSM_1_6.85,B,B,A,A,B,B,A,A,B,B,A,A,B,B,A,A,A,A,A,A,A,A,A,B,NA,B,B,A,B,A,B,A,B,B,A,B,B,A,B,B,B,A,A,B,B,B,B,B,A,B,B,B,B,A,A,B,B,B,A,A,A,A,B,NA,A,B,B,B,A,B,A,A,A,B,B,B,B,A,B,A,A,B,A,A,A,A,A,A,B,B,A,A,B,A,A,A,B,B,B,NA,A,A,A,A,B,B,A,A,A,NA,NA,B,B,A,B,B,A,B,A,B,A,A,B,B,B,A,A,B,B,A,A,A,B,B,B,NA,A,A,A,A,A,A,A,A,A,A,B,A,A,A,A,A,B,A,A,A,B,B,A,A,B,A,A,B,A,B,A,A,B,A,B,A,B,B,A,B
RSM_1_6.95,B,B,A,A,B,B,A,A,B,B,A,A,B,B,A,A,A,A,A,A,A,A,A,B,NA,B,B,A,B,A,B,A,B,B,A,B,B,A,B,B,B,A,A,B,B,B,B,B,A,B,B,B,B,B,A,B,B,B,A,A,A,A,B,NA,A,B,B,B,A,B,A,A,A,B,B,B,B,A,B,A,A,B,A,A,A,A,A,A,B,B,A,A,B,A,A,A,B,B,B,NA,A,A,A,A,B,B,A,A,A,NA,NA,B,B,A,B,B,A,B,A,B,A,A,B,B,B,A,A,B,B,A,A,A,A,B,B,NA,A,A,A,A,A,A,A,A,A,A,B,A,A,A,A,A,B,A,A,A,B,B,A,A,A,A,A,B,A,B,A,A,B,A,B,A,B,B,A,B
RSM_1_7.05,B,B,A,A,B,B,A,A,B,B,A,A,B,B,A,A,A,A,A,A,A,A,A,B,NA,B,B,A,B,A,B,A,B,B,A,B,B,A,B,B,B,A,A,B,B,B,B,B,A,B,B,B,B,B,A,B,B,B,A,A,A,A,B,NA,A,B,B,B,A,B,A,A,A,B,B,B,B,A,B,A,A,B,A,A,A,A,A,A,B,B,A,A,B,A,A,A,B,B,B,NA,A,A,A,A,B,B,A,A,A,NA,NA,B,B,A,B,B,A,B,A,B,A,A,B,B,B,A,A,B,B,A,A,A,A,B,B,NA,A,A,A,A,A,A,A,A,A,A,B,A,A,A,A,A,B,A,A,A,B,B,A,A,A,A,A,A,A,B,A,A,B,A,B,A,B,B,A,B
RSM_1_7.15,B,B,A,A,B,B,A,A,B,B,A,A,B,B,A,A,A,A,A,A,A,A,A,B,NA,B,B,A,B,A,B,A,B,B,A,B,B,A,B,B,B,A,A,B,B,B,B,B,B,B,B,B,B,B,A,B,B,B,A,A,A,A,B,NA,A,B,B,B,A,B,A,A,A,B,B,B,B,A,A,A,A,B,A,A,B,A,A,A,B,B,A,A,B,A,A,A,B,B,B,NA,A,A,A,A,B,B,A,B,A,NA,NA,B,B,A,B,B,A,B,A,B,A,A,B,B,B,A,A,B,B,A,A,A,A,B,B,NA,A,A,A,A,A,A,A,A,A,A,B,A,A,A,A,A,B,A,A,A,B,B,A,A,A,A,A,A,A,B,A,A,B,A,B,A,B,B,A,B
RSM_1_7.25,B,B,A,A,B,B,A,A,B,B,A,A,B,B,A,A,A,A,A,A,A,A,A,B,NA,B,B,A,B,A,B,A,B,B,A,B,B,A,B,B,B,A,A,B,B,B,B,B,B,B,B,B,B,B,A,B,B,B,A,A,A,A,B,NA,A,B,B,B,A,B,A,A,A,B,B,B,A,A,A,A,A,B,A,A,B,A,A,A,B,B,A,A,B,A,A,A,B,B,B,NA,A,A,A,A,B,B,A,B,A,NA,NA,B,B,A,B,B,A,B,A,B,A,A,B,B,B,A,A,B,B,A,A,A,A,B,B,NA,A,A,A,A,A,A,A,A,A,A,B,A,A,A,A,A,B,A,A,A,B,B,A,A,B,A,A,A,A,B,A,A,B,A,B,A,B,B,A,B
RSM_1_7.35,B,B,A,A,B,B,A,A,B,B,A,A,B,B,A,A,A,A,A,A,A,A,A,B,NA,B,B,A,B,A,B,A,B,B,A,B,B,A,B,B,B,A,A,B,B,B,B,B,B,B,B,B,B,B,A,B,B,B,A,A,A,A,B,NA,A,B,B,B,A,B,A,A,A,B,B,B,A,A,A,A,A,B,A,A,B,A,A,A,B,B,A,A,B,A,A,A,B,B,B,NA,A,A,A,A,B,B,A,B,A,NA,NA,B,B,A,B,B,A,B,A,B,A,A,B,B,B,A,A,B,B,A,A,A,A,B,B,NA,A,A,A,A,A,A,A,A,A,A,B,A,A,A,A,A,B,A,A,A,B,B,A,A,B,A,A,A,A,B,A,A,B,A,B,A,B,B,A,B
RSM_1_7.45,B,B,A,A,B,B,A,A,B,B,A,A,B,B,A,A,A,A,A,A,A,A,A,B,NA,B,B,A,B,A,B,A,B,B,A,B,B,A,B,B,B,A,A,B,B,B,B,B,B,B,B,B,B,B,A,B,B,B,A,A,A,A,B,NA,A,B,B,B,A,B,A,A,A,B,B,B,A,A,A,A,A,B,A,A,B,A,A,A,B,B,A,A,B,A,A,A,B,B,B,NA,A,A,A,A,B,B,A,B,A,NA,NA,B,B,A,B,B,A,B,A,B,A,A,B,B,B,A,A,B,B,A,A,A,A,B,B,NA,A,A,A,A,A,A,A,A,A,B,B,A,A,A,A,A,B,A,A,A,B,B,A,A,B,A,A,A,A,B,A,A,B,A,B,A,B,B,A,B
RSM_1_7.55,B,B,A,A,B,B,A,A,B,B,A,A,B,B,A,A,A,A,A,A,A,A,A,B,NA,B,B,A,B,A,B,A,B,B,A,B,B,A,B,B,B,A,A,B,B,B,B,B,B,B,B,B,A,B,A,B,B,B,A,A,A,A,B,NA,A,B,B,B,A,B,A,A,A,B,B,B,A,B,A,A,A,B,A,B,B,A,A,A,B,B,A,A,B,A,A,A,B,B,B,NA,A,A,A,A,B,B,A,NA,A,NA,NA,B,B,A,B,B,A,B,A,B,A,A,B,B,B,A,A,B,B,A,A,A,A,B,B,NA,A,A,A,A,A,A,A,A,A,B,B,A,A,A,A,A,B,A,A,A,B,B,A,A,B,A,A,A,A,B,A,A,B,A,B,A,B,B,A,B
RSM_1_7.65,B,B,A,A,B,B,A,A,B,B,A,A,B,B,A,A,A,A,A,A,A,A,A,B,NA,B,B,A,B,A,B,A,B,B,A,B,B,A,B,B,B,A,A,B,B,B,B,B,B,B,B,B,A,B,A,B,B,B,A,A,A,A,B,NA,A,B,B,B,A,B,A,A,A,B,B,B,A,B,A,A,A,B,A,B,B,A,A,A,B,B,A,A,B,A,A,A,B,B,B,NA,A,A,A,A,B,B,A,NA,A,NA,NA,B,B,A,B,B,A,B,A,B,A,A,B,B,B,A,A,B,B,A,A,A,A,B,B,NA,A,A,A,A,A,A,A,A,A,B,B,A,A,A,A,A,B,A,A,A,B,B,A,A,B,A,A,A,A,B,A,A,B,A,B,A,B,B,A,B
RSM_1_7.75,B,B,A,A,B,B,A,A,B,B,A,A,B,B,A,A,A,A,A,A,A,A,A,B,NA,B,B,A,B,A,B,A,B,B,A,B,B,A,B,B,B,A,A,B,B,B,B,B,B,B,B,B,A,A,A,B,B,B,A,A,A,NA,B,NA,A,B,B,B,A,B,A,A,A,B,B,B,A,B,A,A,A,B,A,B,B,A,A,A,B,B,A,B,B,A,A,A,B,B,B,NA,A,A,A,A,B,B,A,NA,A,NA,NA,B,B,A,B,B,A,B,A,B,A,A,B,B,B,A,A,B,B,A,A,A,A,B,B,NA,A,A,A,A,A,A,A,A,A,B,B,A,A,A,A,A,B,A,A,A,B,B,A,A,B,A,A,A,A,B,A,A,B,A,B,A,B,B,A,B
RSM_1_7.85,B,B,A,A,B,B,A,A,B,B,A,A,B,B,A,A,A,A,A,A,A,A,A,B,NA,B,B,A,B,A,B,A,B,B,A,B,B,A,B,B,B,A,A,B,B,B,B,B,B,B,B,B,A,A,A,B,B,B,A,A,A,NA,B,NA,A,B,B,B,A,B,A,A,A,B,B,B,A,B,A,A,A,B,A,B,B,A,A,A,B,B,A,B,B,A,A,A,B,B,B,NA,A,A,A,A,B,B,A,NA,A,NA,NA,B,B,A,B,B,A,B,A,B,A,A,B,B,B,A,A,B,B,A,A,A,A,B,B,NA,A,A,A,A,A,A,A,A,A,B,B,A,A,A,A,A,B,A,A,A,B,B,A,A,B,A,A,A,A,B,A,A,B,A,B,A,B,B,A,B
RSM_1_7.95,B,B,A,A,B,B,A,A,B,B,A,A,B,B,A,A,A,A,A,A,A,A,A,B,NA,B,B,A,B,A,B,A,B,B,A,B,B,A,B,B,B,A,A,B,B,B,B,B,B,B,B,B,A,A,A,B,B,B,A,A,A,NA,B,NA,A,B,B,B,A,B,A,A,A,B,B,B,A,B,A,A,A,B,A,B,B,A,A,A,B,B,A,B,B,A,A,A,B,B,B,NA,A,A,A,A,B,B,A,NA,A,NA,NA,B,B,A,B,B,A,B,A,B,A,A,B,B,B,A,A,B,B,A,A,A,A,B,B,NA,A,A,A,A,A,A,A,A,A,B,B,A,A,A,A,A,B,A,A,A,B,B,A,A,B,A,A,A,A,B,A,A,B,A,B,A,B,B,A,B
RSM_1_8.05,B,B,A,A,B,B,A,A,B,B,A,A,B,B,A,A,A,A,A,A,A,A,A,B,NA,A,B,A,B,A,B,A,B,B,A,B,B,A,B,B,B,A,B,B,B,B,B,B,B,B,B,B,A,A,A,B,B,B,A,A,A,NA,B,NA,A,B,B,B,A,B,B,A,A,B,B,B,A,B,A,A,A,B,A,B,B,A,A,A,B,B,A,B,B,A,A,A,B,B,A,NA,A,A,A,A,B,B,A,NA,A,NA,NA,B,B,A,B,B,A,B,A,B,A,A,A,B,B,A,A,B,B,A,A,A,A,B,B,NA,A,A,A,A,A,A,A,A,A,B,B,A,A,A,A,A,B,A,A,A,B,B,A,A,B,A,A,A,A,B,NA,A,B,A,B,A,B,B,A,B
RSM_1_8.15,B,B,A,A,B,B,A,A,B,B,A,A,B,B,A,A,A,A,A,A,A,A,A,B,NA,A,B,A,B,A,B,A,B,B,A,B,B,A,B,B,B,A,B,B,B,B,B,B,B,B,B,B,A,A,A,B,B,B,A,A,A,NA,B,NA,A,B,B,B,A,B,B,A,A,B,B,B,A,B,A,A,A,B,A,B,B,A,A,A,B,B,A,B,B,A,A,A,B,B,A,NA,A,A,A,A,B,B,A,B,A,NA,NA,B,B,A,B,B,A,B,A,B,A,A,A,B,B,A,A,B,B,A,A,A,A,B,B,NA,A,A,A,A,B,A,A,A,A,B,B,A,A,A,A,A,B,A,A,A,B,B,A,A,B,A,A,A,A,B,NA,A,B,A,B,A,B,B,A,B
RSM_1_8.25,B,B,A,A,B,B,A,A,B,B,A,A,B,B,A,A,A,A,A,A,A,A,A,B,NA,A,B,A,B,A,B,A,B,B,A,B,B,A,B,B,B,A,B,B,B,B,B,B,B,B,B,B,A,A,B,B,B,B,A,A,A,NA,B,NA,A,B,B,B,A,B,B,A,A,B,B,B,A,B,A,A,A,B,A,B,B,A,A,B,A,B,A,B,B,A,A,A,B,B,A,NA,A,A,A,A,B,B,A,B,A,NA,NA,B,B,A,B,B,A,B,A,B,A,A,A,B,B,A,A,B,B,A,A,A,A,B,B,NA,A,A,A,A,B,A,A,A,A,B,B,A,A,A,A,A,B,A,A,A,B,B,A,A,B,A,A,A,A,B,NA,A,B,A,B,A,B,B,A,B
RSM_1_8.35,B,B,A,A,B,B,A,A,B,B,A,A,B,B,A,A,A,A,A,A,A,A,A,B,NA,A,B,A,B,A,B,A,B,B,A,B,B,A,B,B,B,A,B,B,B,B,B,B,B,B,B,B,A,A,B,B,B,B,A,A,A,NA,B,NA,A,B,B,B,A,B,B,A,A,A,B,B,A,B,A,A,A,B,A,B,B,A,A,B,A,B,A,B,B,A,A,A,B,B,A,NA,A,A,A,A,B,B,A,B,A,NA,NA,B,B,A,B,B,A,B,A,B,A,A,A,B,B,A,A,B,B,A,A,A,A,B,B,NA,A,A,A,A,B,A,A,A,A,B,B,A,A,A,A,A,B,A,A,A,B,B,A,A,B,A,A,A,A,B,NA,A,B,A,B,A,B,B,A,B
RSM_1_8.45,B,B,A,A,B,B,A,A,B,B,A,A,B,B,A,A,A,A,A,A,A,A,A,B,NA,A,B,B,B,A,B,A,B,B,A,B,B,A,B,B,B,A,B,B,B,B,B,B,B,B,B,B,A,A,B,B,B,B,A,A,A,NA,B,NA,A,B,B,B,A,B,B,A,A,A,B,B,A,B,A,A,A,B,A,B,B,A,A,B,A,B,A,B,B,A,A,A,B,B,A,NA,A,A,A,A,B,B,A,B,A,NA,NA,B,B,A,B,B,A,B,A,B,A,A,A,B,B,A,A,B,B,A,A,A,A,B,B,NA,A,A,A,A,B,A,A,A,A,B,B,A,A,A,A,A,B,A,A,A,B,B,A,A,B,A,A,A,A,B,NA,A,B,A,B,A,B,B,A,B
RSM_1_8.55,B,B,A,A,B,B,A,A,B,B,A,A,B,B,A,A,A,A,A,A,A,A,A,B,NA,A,B,B,B,A,B,A,B,B,A,B,B,A,B,B,B,A,B,B,B,B,B,B,B,B,B,B,A,A,B,B,B,B,A,A,A,NA,B,NA,A,B,B,B,A,B,B,A,A,A,B,B,A,B,A,A,A,B,A,B,B,A,A,B,A,B,A,B,B,A,A,A,B,B,A,NA,A,A,A,A,B,B,A,B,A,NA,NA,B,B,A,B,B,A,B,A,B,A,A,A,B,B,A,A,B,B,A,A,A,A,B,B,NA,A,A,A,A,B,A,A,A,A,B,B,A,A,A,A,A,B,A,A,A,B,B,A,A,B,A,A,A,A,B,NA,A,B,A,B,A,B,B,A,B
RSM_1_8.65,B,B,A,A,B,B,A,A,B,B,A,A,B,B,A,A,A,A,A,A,A,A,A,B,NA,A,B,B,B,A,B,A,B,B,A,B,B,A,B,B,B,A,B,B,B,B,B,B,B,B,B,B,A,A,B,B,B,B,A,A,A,NA,B,NA,A,B,B,B,A,B,B,A,A,A,B,B,A,B,A,A,A,B,A,B,B,A,A,B,A,B,A,B,B,A,A,A,B,B,A,NA,A,A,A,B,B,B,A,B,A,NA,NA,B,B,A,B,B,A,B,A,B,A,A,A,A,B,A,A,B,B,A,A,A,A,B,B,NA,A,A,A,A,B,A,A,A,A,B,B,A,A,A,A,A,B,A,A,A,B,B,A,A,B,A,A,A,A,B,NA,A,B,A,B,A,B,B,A,B
RSM_1_8.75,B,B,A,A,B,B,A,A,B,B,A,A,B,B,A,A,A,A,A,A,A,A,A,B,NA,A,B,B,B,A,B,B,B,B,A,B,B,A,B,B,B,A,B,B,B,B,B,B,B,B,B,B,A,A,B,B,B,B,A,A,A,NA,B,NA,A,B,B,B,A,B,B,A,A,A,B,B,A,B,A,A,A,B,A,B,B,A,A,B,A,B,A,B,B,A,A,A,B,B,A,NA,A,A,A,B,B,B,A,B,A,NA,NA,B,B,A,B,B,A,B,A,B,A,A,A,A,B,A,A,B,B,A,A,A,A,B,B,NA,A,A,A,A,B,A,A,A,A,B,B,A,A,A,A,A,B,A,A,A,B,B,A,A,B,A,A,A,A,B,NA,A,B,A,B,A,B,B,A,B
RSM_1_8.85,B,B,A,A,B,B,A,A,B,B,A,A,B,B,A,A,A,A,A,A,A,A,A,B,NA,A,B,B,B,A,B,B,B,B,A,B,B,A,B,B,B,A,B,B,B,B,B,B,B,B,B,B,A,A,B,B,B,B,A,A,A,NA,B,NA,A,B,B,B,A,B,B,A,A,A,B,B,A,B,A,A,A,B,A,B,B,A,A,B,A,B,A,B,B,A,A,A,B,B,A,NA,A,A,A,B,B,B,A,B,A,NA,NA,B,B,A,B,B,A,B,A,B,A,A,A,A,B,A,A,B,B,A,A,A,A,B,B,NA,A,A,A,A,B,A,A,A,A,B,B,A,A,A,A,A,B,A,A,A,B,B,A,A,B,A,A,A,A,B,NA,A,B,A,B,A,B,B,A,B
RSM_1_8.95,B,B,A,A,B,B,A,A,B,B,A,A,B,B,A,A,A,A,A,A,A,A,A,B,NA,A,B,B,B,A,B,B,B,B,A,B,B,A,B,B,B,A,B,B,B,B,B,B,B,B,B,B,A,A,B,B,B,B,A,A,A,NA,B,NA,A,B,B,B,A,B,B,A,A,A,B,B,A,B,A,A,A,B,A,B,B,A,A,B,A,B,A,B,B,A,A,A,B,B,A,NA,A,A,A,B,B,B,A,B,A,NA,NA,B,B,A,B,B,A,B,A,B,A,A,A,A,B,A,A,B,B,A,A,A,A,B,B,NA,A,A,A,A,B,A,A,A,A,B,B,A,A,A,A,A,B,A,A,A,B,B,A,A,B,A,A,A,A,B,NA,A,B,B,B,B,B,B,A,B
RSM_1_9.05,B,B,A,A,B,B,A,A,B,B,A,A,B,B,A,A,A,A,A,A,A,A,A,B,NA,A,B,B,B,A,B,B,B,B,A,B,B,A,B,B,B,A,B,B,B,B,B,B,B,B,B,B,A,A,B,B,B,B,A,A,A,NA,B,NA,A,B,B,B,A,B,B,A,A,A,B,B,A,B,A,A,A,B,A,B,B,A,A,B,A,B,A,B,B,A,A,A,B,B,A,NA,A,A,A,B,B,B,A,B,A,NA,NA,B,B,A,B,B,NA,B,A,B,A,A,A,A,B,A,A,B,B,A,A,A,A,B,B,NA,A,A,A,A,B,A,A,A,A,B,B,A,A,A,A,A,B,A,A,A,B,B,A,A,B,A,A,A,A,B,NA,A,B,B,B,B,B,B,A,B
RSM_1_9.15,B,B,A,A,B,B,A,A,B,B,A,A,B,B,A,A,A,A,A,A,A,B,A,B,NA,A,B,B,B,A,B,B,B,B,A,B,B,A,B,B,B,A,B,B,B,B,B,B,B,B,B,B,A,A,B,B,B,B,A,A,A,NA,B,NA,A,B,B,B,B,B,B,A,A,A,B,B,A,B,A,A,A,B,A,B,B,A,A,B,A,B,A,B,B,A,A,A,B,B,A,NA,A,A,A,B,B,B,A,B,A,NA,NA,B,B,A,B,B,NA,B,A,B,A,A,A,A,B,A,A,B,B,A,A,A,A,B,B,NA,A,A,A,A,B,A,A,A,A,B,B,A,A,A,A,A,B,A,A,A,B,B,A,A,B,A,A,A,A,B,NA,A,B,B,B,B,B,B,A,B
RSM_1_9.25,B,B,A,A,B,B,A,A,B,B,A,A,B,B,A,A,A,A,A,A,A,B,A,B,NA,A,B,B,A,A,B,B,B,B,A,B,B,A,B,B,B,A,B,B,B,B,B,B,B,B,B,B,A,A,B,B,B,B,A,A,A,NA,B,NA,A,B,B,B,B,B,B,A,A,A,B,B,A,B,A,A,A,B,A,B,B,A,A,B,A,B,B,B,B,A,A,A,B,B,A,NA,A,A,A,B,B,B,A,B,A,NA,NA,B,B,A,B,B,NA,B,A,B,A,A,A,A,B,A,A,B,B,A,A,A,A,B,B,NA,A,A,A,A,B,A,A,A,A,B,B,A,A,A,A,A,B,A,A,A,B,B,A,A,B,A,A,A,A,B,NA,A,B,B,B,B,B,A,A,B
RSM_1_9.35,B,B,A,A,B,B,A,A,B,B,A,A,B,B,A,A,A,A,A,A,A,B,A,B,NA,A,B,B,A,A,B,B,B,B,A,B,B,A,B,B,B,A,B,B,B,B,B,B,B,B,B,B,A,A,B,B,B,B,A,A,A,NA,B,NA,A,B,B,B,B,B,B,A,A,A,B,B,A,B,A,A,A,B,A,B,B,A,A,B,A,B,B,B,B,A,A,A,B,B,A,NA,A,B,A,B,B,B,A,B,A,NA,NA,B,B,A,B,B,NA,B,A,B,A,A,A,A,B,A,A,B,B,A,A,A,A,B,B,NA,A,A,A,A,B,A,A,A,A,B,B,A,A,A,A,A,B,A,A,A,B,B,A,A,B,A,A,A,A,B,NA,A,B,B,B,B,B,A,A,B
RSM_1_9.45,B,B,A,A,B,B,A,A,B,B,A,A,B,B,A,A,A,A,A,A,A,B,A,B,NA,A,B,B,A,A,B,B,B,B,A,B,B,A,B,B,B,A,B,B,B,B,B,B,B,B,B,B,A,A,B,B,B,B,A,A,A,NA,B,NA,A,B,B,B,B,B,B,A,A,A,B,B,A,B,A,A,A,B,A,B,B,A,A,B,A,B,B,B,B,A,A,A,B,B,A,NA,A,B,A,B,B,B,A,B,A,NA,B,B,B,A,B,B,NA,B,B,B,A,A,A,A,B,A,A,B,B,A,A,A,B,B,B,NA,A,A,A,A,B,A,A,A,A,B,B,A,A,A,A,A,B,A,A,A,B,B,A,A,B,A,A,A,A,B,NA,A,B,B,B,B,B,A,A,B
RSM_1_9.55,B,B,A,A,B,B,A,A,B,B,A,A,B,B,A,A,A,A,A,A,A,B,A,B,NA,A,B,B,A,A,B,B,B,B,A,B,B,A,B,B,B,A,B,B,B,B,B,B,B,B,B,B,A,A,B,B,B,B,A,A,A,NA,B,NA,A,B,B,B,B,B,B,A,A,A,B,B,A,A,A,A,A,B,A,B,B,A,A,B,A,B,B,B,B,A,A,A,B,B,A,NA,A,B,A,B,B,B,A,B,A,NA,B,B,B,A,B,B,NA,B,B,B,A,A,A,A,B,A,A,B,B,A,A,A,B,B,B,NA,A,A,A,A,B,A,A,A,A,B,B,A,A,A,A,A,B,A,A,A,B,B,A,A,B,A,A,A,A,B,NA,A,B,B,B,B,B,A,A,B
RSM_1_9.65,B,B,A,A,B,B,A,A,B,B,A,A,B,B,A,A,A,A,A,A,A,B,A,B,NA,A,B,B,A,A,B,B,B,B,A,B,B,A,B,B,B,A,B,B,B,B,B,B,B,B,B,B,A,A,B,B,B,B,A,A,A,NA,B,NA,A,B,B,B,B,B,B,A,A,A,B,B,A,A,A,A,A,B,A,B,B,A,A,B,A,B,B,B,B,A,A,A,B,B,A,NA,A,B,A,B,B,B,A,B,A,NA,B,B,B,A,B,B,NA,A,B,A,A,A,A,A,B,NA,A,B,B,A,A,A,B,B,B,NA,A,A,A,A,B,A,A,A,A,B,B,A,A,A,A,A,B,A,A,A,A,B,A,A,B,A,A,A,A,B,NA,A,B,B,B,B,B,A,A,B
RSM_1_9.75,B,B,A,A,B,B,A,A,B,B,A,A,B,B,A,A,A,A,A,A,A,B,A,B,NA,A,B,B,A,A,B,B,B,B,A,B,B,A,B,B,B,A,B,B,B,B,B,B,B,B,B,B,A,A,B,B,B,B,A,A,A,NA,B,NA,A,B,B,B,B,B,B,A,A,A,B,B,A,A,A,A,A,B,A,B,B,A,A,B,A,B,B,B,B,A,A,A,B,B,A,NA,A,B,A,B,B,B,A,B,A,NA,B,B,B,A,B,B,NA,A,B,A,A,A,A,A,B,NA,A,B,B,A,A,A,B,B,B,NA,A,A,A,A,B,A,A,A,A,B,B,A,A,A,A,A,B,A,A,A,A,B,A,A,B,A,A,A,A,B,NA,A,B,B,B,B,B,A,A,B
RSM_1_9.85,B,B,A,A,B,B,A,A,B,B,A,A,B,B,A,A,A,A,A,A,A,B,A,B,NA,A,B,B,A,A,B,B,B,B,A,B,B,A,B,B,B,A,B,B,B,B,B,B,B,B,B,B,A,A,B,B,B,B,A,A,A,NA,B,NA,A,B,B,B,B,B,B,A,A,A,B,B,A,A,A,A,A,B,A,B,B,A,A,B,A,B,B,B,B,A,A,A,B,B,A,NA,A,B,A,B,B,B,A,B,A,NA,B,B,B,A,B,B,NA,A,B,A,A,A,A,A,B,NA,A,B,B,A,A,A,B,B,B,NA,A,A,A,A,B,A,A,A,A,B,B,A,A,A,A,A,B,A,A,A,A,B,A,A,B,A,A,A,A,B,NA,A,B,B,B,B,B,A,A,B
RSM_1_9.95,B,B,A,A,B,B,A,A,B,B,A,A,B,B,A,A,A,A,A,A,A,B,A,B,NA,A,B,B,A,A,B,B,B,B,A,B,B,A,B,B,B,A,B,B,B,B,B,B,B,B,B,B,A,A,B,B,B,B,A,A,A,NA,B,NA,A,B,B,B,B,B,B,A,A,A,B,B,A,A,A,A,A,B,A,B,B,A,A,B,A,A,B,B,B,A,A,A,B,B,A,NA,A,B,A,B,B,B,A,B,A,NA,B,B,B,A,B,B,A,A,B,A,A,A,A,A,B,NA,A,B,B,A,A,A,B,B,B,NA,A,A,A,A,B,A,A,A,A,B,B,A,A,A,A,A,B,A,A,A,A,B,A,A,B,A,A,A,A,B,NA,A,B,B,B,B,B,A,A,B
RSM_1_10.05,B,B,A,A,B,B,A,A,B,B,A,A,B,B,A,A,A,A,A,A,A,B,NA,B,A,A,B,B,A,A,B,B,B,B,A,B,B,A,B,B,B,A,B,B,B,B,B,B,B,B,B,B,A,A,B,B,B,B,A,A,A,NA,B,NA,A,B,B,B,B,B,B,A,A,A,B,B,A,A,A,A,A,B,A,B,B,A,A,B,A,A,B,B,B,A,A,A,B,B,A,NA,A,B,A,B,B,B,A,B,A,NA,B,B,B,A,B,B,A,A,B,A,A,A,A,A,B,NA,A,B,B,A,A,A,B,B,B,NA,A,A,A,A,B,A,A,A,A,B,B,A,A,A,A,A,B,A,A,A,A,B,A,A,B,A,A,A,A,B,NA,A,B,B,B,B,B,A,A,B
RSM_1_10.25,B,B,A,A,B,B,A,A,B,B,A,A,B,B,A,A,A,A,A,A,A,B,NA,B,A,A,B,B,A,A,B,B,B,B,A,B,B,A,A,B,B,A,B,B,B,B,B,B,B,B,B,B,A,A,B,B,B,B,A,B,A,NA,B,NA,A,B,B,B,B,B,B,A,A,A,B,B,B,A,A,A,A,B,A,B,B,A,A,B,A,A,B,B,B,A,A,A,B,B,A,NA,A,B,A,B,B,B,A,B,A,NA,B,B,B,A,B,B,A,A,B,A,A,A,A,A,B,NA,A,B,B,A,A,A,B,B,B,NA,A,A,B,NA,B,A,A,A,A,B,B,A,A,A,A,A,B,A,A,A,A,B,A,A,B,A,A,A,A,B,NA,A,B,B,B,B,B,A,A,B
RSM_1_10.35,B,B,A,A,B,B,A,A,B,B,A,A,B,B,A,A,A,A,A,A,A,B,NA,B,A,A,B,B,A,A,B,B,B,B,A,B,B,A,A,B,B,A,B,B,B,B,B,B,B,B,B,B,A,A,B,B,B,B,A,B,A,NA,B,NA,A,B,B,B,B,B,B,A,A,A,B,B,B,A,A,A,A,B,A,B,B,A,A,B,A,A,B,B,B,A,A,A,B,B,A,NA,A,B,A,B,B,B,A,B,A,NA,B,B,B,A,B,B,A,A,B,A,A,A,A,A,B,NA,A,B,B,A,A,A,B,B,B,NA,A,A,B,NA,B,A,A,A,A,B,B,A,A,A,A,A,B,A,A,A,A,B,A,A,B,A,A,A,A,B,NA,A,B,B,B,B,B,A,A,B
RSM_1_10.45,B,B,A,A,B,B,A,A,B,B,A,A,B,B,A,A,A,A,A,A,A,B,NA,B,A,A,B,B,A,A,B,B,B,B,A,B,B,A,A,B,B,A,B,B,B,B,B,B,B,B,B,B,A,A,B,B,B,B,B,B,A,NA,B,NA,A,B,B,B,B,B,B,A,A,A,B,B,B,A,A,A,A,B,A,B,B,A,A,B,A,A,B,B,B,A,A,A,B,B,A,NA,A,B,A,B,B,B,A,B,A,NA,B,B,B,A,B,B,A,A,B,A,A,A,A,A,B,NA,A,B,B,A,A,A,B,A,B,B,A,A,B,NA,B,A,A,A,A,B,B,A,A,B,A,A,B,A,A,A,A,B,A,A,B,A,A,A,A,B,NA,A,B,B,B,B,B,A,A,B
RSM_1_10.65,B,B,A,A,B,B,A,A,B,B,A,A,B,B,A,A,A,A,A,B,A,B,NA,B,A,A,B,B,A,A,B,B,B,B,A,B,B,A,A,B,B,A,B,B,B,B,B,B,B,B,B,B,A,A,B,B,B,B,B,B,A,NA,B,NA,A,B,B,B,B,B,B,A,A,A,B,B,B,A,A,A,A,B,A,B,B,A,A,B,A,A,B,B,B,A,A,A,B,B,A,NA,A,B,A,B,B,B,A,B,A,NA,B,B,B,A,B,B,A,A,B,A,A,A,A,A,B,B,A,B,B,A,A,A,B,A,B,B,A,A,B,NA,B,A,A,A,A,B,B,A,A,B,A,A,B,A,A,A,A,B,A,A,B,A,A,A,A,B,NA,A,B,B,B,B,B,A,A,B
RSM_1_10.75,B,B,A,A,B,B,A,A,B,B,A,A,B,B,A,A,A,A,A,B,A,B,NA,B,A,A,B,B,A,A,B,B,B,B,A,B,B,A,A,B,B,A,B,B,B,B,B,B,B,B,B,B,A,A,B,B,B,B,B,B,A,NA,B,NA,A,B,B,B,B,B,B,A,A,A,B,B,B,A,A,A,A,B,A,B,B,A,A,B,A,A,B,B,B,A,A,A,B,B,A,NA,A,B,A,B,B,B,A,B,A,NA,B,B,B,A,B,B,A,A,B,A,A,A,A,A,B,B,A,B,B,A,A,A,B,A,B,B,A,A,B,NA,B,A,A,A,A,B,B,A,A,B,A,A,B,A,A,A,A,B,A,A,B,A,A,A,A,B,NA,A,B,B,B,B,B,A,A,B
RSM_1_11.05,B,B,A,A,B,B,A,A,B,B,A,A,B,B,A,A,A,A,A,B,A,B,NA,B,A,A,B,B,A,A,B,B,B,B,A,B,B,A,A,B,B,A,B,A,B,B,B,B,A,B,B,B,A,A,B,B,B,B,B,B,A,NA,B,NA,A,B,B,B,B,B,B,A,A,A,B,B,B,A,A,B,A,B,A,B,B,A,A,B,A,A,B,B,B,A,A,A,B,B,B,NA,A,B,A,B,B,B,A,B,A,NA,B,B,B,A,B,B,A,A,B,A,A,A,A,A,B,B,A,B,B,B,B,A,B,A,B,B,B,A,B,NA,B,A,A,A,A,B,B,A,A,B,A,A,B,A,A,A,A,B,A,A,B,A,B,A,A,B,NA,A,B,B,B,B,B,A,A,B
RSM_1_11.15,B,B,A,A,B,B,A,A,B,B,A,A,B,B,A,A,A,A,A,B,B,B,NA,B,A,A,B,B,A,A,B,B,B,B,A,B,B,A,A,B,A,A,B,A,B,B,B,B,A,B,B,B,A,A,B,B,B,B,B,B,A,NA,B,NA,A,B,B,B,B,B,B,A,A,A,B,B,B,A,A,B,A,B,A,B,B,A,A,B,A,A,B,B,B,A,A,A,B,B,B,NA,A,B,A,B,B,A,A,B,A,NA,B,B,B,A,B,A,A,A,B,A,A,A,A,A,B,B,A,B,B,B,B,A,B,A,B,B,B,A,B,NA,B,A,A,A,A,B,B,A,A,B,A,A,B,A,A,A,A,B,A,A,B,A,B,A,A,B,NA,A,B,B,B,B,B,A,A,B
RSM_1_11.25,B,B,A,A,B,B,A,A,B,B,A,A,B,B,A,A,A,A,A,B,B,B,NA,B,A,A,B,B,A,A,B,B,B,B,A,B,B,A,A,B,A,B,B,A,B,B,B,B,A,B,B,B,A,A,B,B,B,B,B,B,A,NA,B,NA,A,B,B,B,B,B,B,A,A,A,B,B,B,A,A,B,A,B,A,B,B,A,A,B,A,A,B,B,B,A,A,A,B,B,A,NA,A,B,A,B,B,A,A,B,A,NA,B,B,B,A,B,A,A,A,B,A,A,B,A,A,B,B,A,B,B,B,B,A,B,A,B,B,B,A,B,NA,B,A,A,A,A,B,B,A,A,B,A,A,B,A,A,A,A,B,A,A,B,A,B,A,A,B,B,A,B,B,B,B,B,A,A,B
RSM_1_11.35,B,B,A,A,B,B,A,A,B,B,A,A,B,B,A,A,A,A,A,B,B,B,NA,B,A,A,B,B,A,A,B,B,B,B,A,B,B,A,A,B,A,B,B,A,B,B,B,B,A,B,A,B,A,A,B,B,B,B,B,B,A,NA,B,NA,A,B,B,B,B,B,B,A,A,A,B,B,B,A,A,B,A,B,A,B,B,A,A,B,A,A,B,B,B,A,A,A,B,B,A,NA,A,B,A,B,B,A,A,B,A,NA,B,B,B,A,B,A,A,A,B,A,A,B,A,A,B,B,A,B,B,B,B,A,B,A,B,B,B,A,B,NA,B,A,A,A,A,B,B,A,A,B,A,A,B,A,B,A,A,B,A,A,B,A,B,A,A,B,B,A,B,B,B,B,B,A,A,B
RSM_1_11.45,B,B,A,A,B,B,A,A,B,B,A,A,B,B,A,A,A,A,A,B,B,B,NA,B,A,A,B,B,A,A,B,B,B,B,A,B,B,A,A,B,A,B,B,A,B,B,B,B,A,B,A,B,A,A,B,B,B,B,B,B,A,NA,B,A,A,B,B,B,B,B,B,A,A,A,B,B,B,A,A,B,A,B,A,B,B,A,A,B,A,A,B,B,B,A,A,A,B,A,A,NA,A,B,A,B,B,A,A,B,A,NA,NA,B,B,A,B,A,A,A,B,A,A,B,A,A,B,B,A,B,B,B,B,A,B,A,B,B,B,A,B,NA,B,A,A,A,A,B,B,A,A,B,A,A,B,A,B,A,A,B,A,A,B,A,B,A,A,B,B,A,B,B,B,B,B,A,A,B
RSM_1_11.55,B,B,A,A,B,B,A,A,B,B,A,A,B,B,A,A,A,A,A,B,B,B,NA,B,A,A,B,B,A,A,B,B,B,B,A,B,B,A,A,B,A,B,B,A,B,B,B,B,A,B,A,B,A,A,B,B,B,B,B,B,A,NA,B,A,A,B,B,B,B,B,B,A,A,A,B,B,B,A,A,B,A,B,A,B,B,A,A,B,A,A,B,B,B,A,A,A,B,A,A,NA,A,B,A,B,B,A,A,B,A,NA,NA,B,B,A,B,A,A,A,B,A,A,B,A,A,B,B,A,B,B,B,B,A,B,A,B,B,B,A,B,NA,B,A,A,A,A,B,B,A,A,B,A,A,B,A,B,B,A,B,A,A,B,A,B,A,A,B,B,A,B,B,A,B,B,A,A,B
RSM_1_11.65,B,B,A,A,B,B,A,A,B,B,A,A,B,B,A,A,A,A,A,B,B,B,NA,B,A,A,B,B,A,A,B,B,B,B,A,B,B,A,A,B,A,B,B,A,B,B,B,B,A,B,A,B,A,A,B,B,B,B,B,B,A,NA,B,A,A,B,B,B,B,B,B,A,A,A,B,B,B,A,A,B,A,B,A,B,B,A,A,B,A,A,B,B,B,A,A,A,B,A,A,NA,A,B,A,B,B,A,A,B,A,NA,NA,B,B,A,B,A,A,A,B,A,A,B,A,A,B,B,A,B,B,B,B,A,B,A,B,B,B,A,B,NA,B,A,A,A,A,B,B,A,A,B,A,A,B,A,B,B,A,B,A,A,B,A,B,A,A,B,B,A,B,B,A,B,B,A,A,B
RSM_1_11.75,B,B,A,A,B,B,A,A,B,B,A,A,B,B,A,A,A,A,A,B,B,B,NA,B,A,A,B,B,A,A,B,B,B,B,A,B,B,A,A,B,A,B,B,A,B,B,B,B,A,B,A,B,A,A,B,B,B,B,B,B,A,NA,B,A,A,B,B,B,B,B,B,A,A,A,B,B,B,A,A,B,A,B,B,B,B,A,A,B,A,A,B,B,B,A,A,A,B,A,A,NA,A,B,A,B,B,A,A,B,A,NA,NA,B,B,A,B,A,A,A,B,A,A,B,A,A,B,B,A,B,B,B,B,A,B,A,B,B,B,A,B,NA,B,A,A,A,A,B,B,A,A,B,A,A,B,A,B,B,A,B,A,A,B,A,B,A,A,B,B,A,B,B,A,B,B,A,A,B
RSM_1_11.85,B,B,A,A,B,B,A,A,B,B,A,A,B,B,A,A,A,A,A,B,B,B,NA,B,A,A,A,B,A,A,B,B,B,B,A,B,B,A,A,B,A,B,B,A,B,B,B,B,A,B,A,B,A,A,B,B,B,B,B,B,A,NA,B,A,A,B,B,B,B,B,B,A,A,A,B,B,B,A,A,B,A,B,B,B,B,A,A,B,A,A,B,B,B,A,A,A,B,A,A,NA,A,B,A,B,B,A,A,B,A,NA,NA,B,B,A,B,A,A,A,B,A,A,B,A,A,B,B,A,B,B,B,B,A,B,A,B,B,B,A,B,NA,B,A,A,A,A,B,B,A,A,B,A,A,B,A,B,B,A,B,A,A,B,A,B,A,A,B,B,A,B,B,A,B,B,A,A,B
RSM_1_11.95,B,B,A,A,B,B,A,A,B,B,A,A,B,B,A,A,A,A,A,B,B,B,NA,B,A,A,A,B,A,A,B,B,B,B,A,B,B,A,A,B,A,B,B,A,B,B,B,B,A,B,A,B,A,A,B,B,B,B,B,B,A,NA,B,A,A,B,B,B,B,B,B,A,A,A,B,B,B,A,A,B,A,B,B,B,B,A,A,B,A,A,B,B,B,A,A,B,B,A,A,NA,A,B,A,B,B,A,A,B,A,NA,NA,B,B,A,B,A,A,A,B,A,A,B,A,A,B,B,A,B,B,B,B,A,B,A,B,B,B,A,B,NA,B,A,A,A,A,B,B,A,A,B,A,A,B,A,B,B,A,B,A,A,B,A,B,A,A,B,B,A,B,B,A,B,B,A,A,B
RSM_1_12.05,B,B,A,A,B,B,A,A,B,B,A,A,B,B,A,A,A,A,A,B,B,B,NA,B,A,A,A,B,A,A,B,B,B,B,A,B,B,A,A,B,A,B,B,A,B,B,B,B,A,B,A,B,A,A,B,B,B,B,B,B,A,NA,B,A,A,B,B,B,B,B,B,A,A,A,B,B,B,A,A,B,A,B,B,B,B,A,A,B,A,A,B,B,B,A,A,B,B,A,A,NA,A,A,A,B,B,A,A,B,A,B,NA,B,B,A,B,A,A,A,B,A,A,B,B,A,B,B,A,B,A,B,B,A,B,A,B,B,B,A,B,NA,B,A,A,A,A,B,B,A,A,B,A,A,B,A,B,B,A,B,A,A,B,A,B,A,A,B,B,A,B,B,A,B,B,A,A,B
RSM_1_12.15,B,B,A,A,B,B,A,A,B,B,A,A,B,B,A,A,A,A,A,B,B,B,NA,B,A,A,A,B,A,A,B,B,B,B,A,B,B,A,A,B,A,B,B,A,B,B,B,B,A,B,A,B,A,A,B,B,B,B,B,B,A,NA,B,A,A,B,B,B,B,B,B,A,A,A,B,B,B,A,A,B,A,B,B,B,B,A,A,B,A,A,B,B,B,A,A,B,B,A,A,NA,A,A,A,B,B,A,A,B,A,B,NA,B,B,A,B,A,A,A,B,A,A,B,B,A,B,B,A,B,A,B,B,A,B,A,B,B,B,A,B,NA,B,A,A,A,A,B,B,A,A,B,A,A,B,A,B,B,A,B,A,A,B,A,B,A,A,B,B,A,B,B,A,B,B,A,A,B
RSM_1_12.25,B,B,A,A,B,B,A,A,B,B,A,A,B,B,A,A,A,A,A,B,B,B,NA,NA,A,A,A,B,A,A,B,B,B,B,A,B,B,A,A,B,A,B,B,A,B,B,B,B,A,B,A,B,A,A,B,B,B,B,B,B,A,NA,B,A,A,B,B,B,B,B,B,A,A,A,B,B,B,A,A,B,A,B,B,B,B,A,A,B,A,A,B,B,B,A,A,B,B,A,A,NA,A,A,A,B,B,A,A,B,A,B,NA,B,B,A,B,A,A,A,B,A,A,B,B,A,B,B,A,B,A,B,B,A,B,A,B,B,B,A,B,NA,B,A,A,A,A,B,B,A,A,B,A,A,B,A,B,B,A,B,A,A,B,A,B,A,A,B,B,A,B,B,A,B,B,A,A,B
RSM_1_12.35,B,B,A,A,B,B,A,A,B,B,A,A,B,B,A,A,A,A,A,B,B,B,NA,NA,B,A,A,B,A,A,B,B,B,B,A,B,A,A,A,B,A,B,B,A,B,B,B,B,A,B,A,B,A,A,B,B,B,B,B,B,A,NA,B,A,A,B,B,B,B,B,B,A,A,A,B,B,B,A,A,B,A,B,B,B,B,A,A,B,A,A,B,B,B,A,A,B,B,A,A,NA,A,A,A,B,B,A,A,B,A,B,NA,B,B,A,B,A,A,A,B,A,A,B,B,A,B,B,A,B,A,B,B,A,B,A,B,B,B,A,B,NA,B,A,A,A,A,B,B,A,A,B,A,A,B,A,B,B,A,B,A,A,B,A,B,A,A,B,B,A,B,B,A,B,B,A,A,B
RSM_1_12.45,B,B,A,A,B,B,A,A,B,B,A,A,B,B,A,A,A,A,A,B,B,B,NA,NA,B,A,A,B,A,A,B,B,B,B,A,B,A,A,A,B,A,B,B,A,B,B,B,B,A,B,A,B,A,A,B,B,B,B,B,B,A,NA,B,A,A,B,B,B,B,B,B,A,A,A,B,B,B,A,A,B,A,B,B,B,B,A,A,B,A,A,A,B,B,A,A,B,B,A,A,NA,A,A,A,B,B,A,A,B,A,B,NA,B,B,A,B,A,A,A,B,A,A,B,B,A,B,B,A,B,A,B,B,A,B,A,B,B,B,A,B,NA,B,A,A,A,A,B,B,A,A,B,A,A,B,A,B,B,A,B,A,A,A,A,B,A,A,B,B,A,B,B,A,B,B,A,A,B
RSM_1_12.55,B,B,A,A,B,B,A,A,B,B,A,A,B,B,A,A,A,A,A,B,B,B,NA,NA,B,A,A,B,A,A,B,B,B,B,A,B,A,A,A,B,B,B,B,A,B,B,B,B,A,B,A,B,A,A,B,B,B,B,B,B,A,NA,B,A,A,B,B,B,B,B,B,A,A,A,B,B,B,A,A,B,A,B,B,B,B,A,A,B,A,A,A,B,B,A,A,B,B,A,A,NA,A,A,A,B,B,A,A,B,A,B,NA,B,B,A,B,A,A,A,B,A,A,B,B,A,B,B,A,B,A,B,B,A,B,A,B,B,B,A,B,B,B,B,A,A,A,B,B,A,A,B,A,A,B,A,B,B,A,B,A,A,A,A,B,A,A,A,B,A,B,B,A,B,B,A,A,B
RSM_1_12.65,B,B,A,A,B,B,A,A,B,B,A,A,B,B,A,A,A,A,A,B,B,B,NA,NA,B,A,A,B,A,A,B,B,B,B,A,B,A,A,A,B,B,B,B,A,B,B,B,B,A,B,A,B,A,A,B,B,B,B,A,B,A,NA,B,A,A,B,B,B,B,B,B,A,A,A,B,B,B,A,A,B,A,B,B,B,B,A,A,B,A,A,A,B,B,A,A,A,B,A,A,NA,A,A,A,B,B,A,A,B,A,B,NA,B,B,A,B,A,A,A,B,A,A,B,B,A,B,B,A,B,A,B,B,A,B,A,B,B,B,A,B,B,B,B,A,A,A,B,B,A,A,B,A,A,B,A,B,B,A,B,A,A,A,A,B,A,A,A,B,B,B,B,A,B,B,A,B,B
RSM_1_12.75,B,B,A,A,B,B,A,A,B,B,A,A,B,B,A,A,A,A,A,B,B,B,NA,NA,B,A,A,B,A,A,B,B,B,B,A,B,A,A,A,B,B,B,B,A,B,B,B,B,A,B,A,B,A,A,B,B,B,B,A,B,A,NA,B,A,A,B,B,B,B,B,B,A,A,A,B,B,B,A,A,B,A,B,B,B,B,A,A,B,A,A,A,B,B,A,A,A,B,A,A,B,A,A,A,B,B,A,A,B,A,B,NA,B,B,A,B,A,A,A,B,A,A,B,B,A,B,B,A,B,A,B,B,A,B,A,B,B,B,A,B,B,B,B,A,A,A,B,B,A,A,B,A,A,B,A,B,B,A,B,A,A,A,A,B,A,A,A,B,B,B,B,A,B,B,A,B,B
RSM_1_12.85,B,B,A,A,B,B,A,A,B,B,A,A,B,B,A,A,A,A,A,B,B,B,NA,NA,B,A,A,B,A,A,B,B,B,B,A,B,A,A,A,B,B,B,B,A,B,B,B,B,A,B,A,B,A,A,B,B,B,B,A,B,A,NA,B,A,A,B,B,B,B,B,B,A,A,A,B,B,B,A,A,B,A,B,B,B,B,A,A,B,A,A,A,B,B,A,A,A,B,A,A,B,A,A,A,B,B,A,A,B,A,B,NA,B,B,A,B,A,A,A,B,A,A,B,B,A,B,B,A,B,A,B,B,A,B,A,B,B,B,A,B,B,B,B,A,A,A,B,B,A,A,B,A,A,B,A,B,B,A,B,A,A,A,A,B,A,A,A,B,B,B,B,A,B,B,A,B,B
RSM_1_12.95,B,B,A,A,B,B,A,A,B,B,A,A,B,B,A,A,A,A,A,B,B,B,NA,NA,B,A,A,B,A,A,B,B,B,B,A,B,A,A,A,B,B,B,B,A,B,B,B,B,A,B,A,B,A,A,B,B,B,B,A,B,A,NA,B,A,A,B,B,B,B,B,B,A,A,A,B,B,B,A,A,B,A,B,B,B,B,A,A,B,A,A,A,B,B,A,A,A,B,A,A,B,A,A,A,B,B,A,A,B,A,B,NA,B,B,A,B,A,A,A,B,A,A,B,B,A,B,B,A,B,A,B,B,A,B,A,B,B,B,A,B,B,B,B,A,A,A,B,B,A,A,B,A,A,B,A,B,B,A,B,A,A,A,A,B,A,A,A,B,B,B,B,A,B,B,A,B,B
RSM_1_13.05,B,B,A,A,B,B,A,A,B,B,A,A,B,B,A,A,A,A,A,B,B,B,NA,NA,B,A,A,B,A,A,A,B,B,B,A,B,A,A,A,B,B,B,B,A,B,B,B,B,A,B,A,B,A,A,B,B,B,B,A,B,A,NA,B,A,A,B,B,B,B,B,B,A,A,A,B,B,B,A,A,A,A,B,B,B,B,A,A,B,A,A,A,B,NA,A,A,A,B,A,A,B,A,A,A,B,B,A,A,B,A,B,NA,B,B,A,B,A,A,A,B,A,A,B,B,A,B,B,A,B,A,B,B,A,B,A,B,B,B,A,B,B,B,A,A,A,B,B,B,A,A,B,A,A,B,A,B,B,A,B,A,A,A,A,B,A,B,A,B,B,B,B,A,B,B,A,B,B
RSM_1_13.15,B,B,A,A,B,B,A,A,B,B,A,A,B,B,A,A,A,A,A,B,B,B,NA,NA,B,A,A,B,A,A,A,B,B,B,A,B,A,A,A,B,B,B,B,A,B,B,B,B,A,B,A,B,A,A,B,B,B,B,A,B,A,NA,A,A,A,B,B,B,B,B,B,A,A,A,B,B,B,A,A,A,A,B,B,B,B,A,A,B,A,A,A,B,NA,A,A,A,B,A,A,B,A,A,A,B,B,B,A,B,A,B,NA,B,B,A,B,A,A,A,B,A,A,B,B,A,B,B,A,B,A,B,B,A,A,A,B,B,B,A,B,B,B,A,A,A,B,B,B,A,A,B,A,A,B,A,B,B,A,B,A,A,A,A,B,A,B,A,B,B,B,B,A,B,B,A,B,B
RSM_1_13.25,B,B,A,A,B,B,A,A,B,B,A,A,B,B,A,A,A,A,A,B,B,B,NA,NA,B,A,A,B,A,A,A,B,B,B,A,B,A,A,A,B,B,B,B,A,B,B,B,B,A,B,A,B,A,A,B,B,B,B,A,B,A,NA,A,A,A,B,B,B,B,B,B,A,A,A,B,B,B,A,A,A,A,B,B,B,B,A,A,B,A,A,A,B,NA,A,A,A,B,A,A,B,A,A,A,B,B,B,A,B,A,B,NA,B,B,A,B,A,A,A,B,A,A,B,B,A,B,B,A,B,A,B,B,A,A,A,B,B,B,A,B,B,B,A,A,A,B,B,B,A,A,B,A,A,B,A,B,B,A,B,A,A,A,A,B,A,B,A,B,B,B,B,A,B,B,A,B,B
RSM_1_13.45,B,B,A,A,B,B,A,A,B,B,A,A,B,B,A,A,A,A,A,B,B,B,NA,NA,B,A,A,B,A,A,A,B,B,B,A,B,A,A,A,B,B,B,B,A,B,B,B,B,A,B,A,B,A,A,B,B,B,B,A,B,A,NA,A,A,A,B,B,B,B,B,B,A,A,A,B,B,B,A,A,A,A,B,B,B,B,A,A,B,B,A,A,B,NA,A,A,A,B,A,A,B,A,A,A,A,B,B,A,B,A,B,NA,B,B,A,B,A,A,A,B,B,A,B,B,A,B,B,A,B,A,B,B,A,A,A,B,B,B,A,B,B,B,A,A,A,B,B,B,A,A,B,A,A,B,A,B,B,A,B,A,A,A,A,B,A,B,A,B,B,B,B,A,B,B,A,B,B
RSM_1_13.55,B,B,A,A,B,B,A,A,B,B,A,A,B,B,A,A,A,A,A,B,B,B,NA,NA,B,A,A,B,A,A,A,B,B,B,A,B,A,A,A,B,B,B,B,A,B,B,B,B,A,B,A,B,A,A,B,B,B,B,A,B,A,NA,A,A,A,B,B,B,B,B,B,A,A,A,B,B,B,B,A,A,A,B,B,B,B,A,A,B,B,A,A,B,NA,A,A,A,B,A,A,B,A,A,A,A,B,B,A,B,A,B,NA,B,B,A,B,A,A,A,B,B,A,B,B,A,B,B,A,B,A,B,B,A,A,A,B,B,B,A,B,B,B,A,A,A,B,B,B,A,A,B,A,A,B,A,B,B,A,B,A,A,A,A,B,A,B,A,B,B,B,B,A,B,B,A,B,B
RSM_1_13.65,B,B,A,A,B,B,A,A,B,B,A,A,B,B,A,A,A,A,A,B,B,B,NA,NA,B,A,A,B,A,A,A,B,B,B,A,B,A,A,A,B,B,B,B,A,B,B,B,B,A,B,A,B,A,A,B,B,B,B,A,B,A,NA,A,A,A,B,B,B,B,B,B,A,A,A,B,B,B,B,A,A,A,B,B,B,B,A,A,B,B,A,A,B,NA,A,A,A,B,A,A,B,A,A,A,A,B,B,A,B,A,B,NA,B,B,A,B,A,A,A,B,B,A,B,B,A,B,B,A,B,A,B,B,A,A,A,B,B,B,A,B,B,B,A,A,A,B,B,B,A,A,B,A,A,B,A,B,B,A,B,A,A,A,A,B,A,B,A,B,B,B,B,A,B,B,A,B,B
RSM_1_14.05,B,B,A,A,B,B,A,A,B,B,A,A,B,B,A,A,A,A,A,B,B,B,NA,NA,B,A,A,B,A,A,A,B,B,B,A,B,A,A,A,B,B,B,B,A,B,B,B,B,A,B,A,B,A,A,B,B,B,B,A,B,A,NA,A,A,A,B,B,B,B,B,B,A,A,A,B,B,B,B,A,A,A,B,B,B,B,A,A,B,B,A,A,B,NA,A,A,A,B,A,A,B,A,A,A,A,B,B,A,B,A,B,NA,B,B,A,B,A,A,A,B,B,A,B,B,A,B,B,A,B,A,B,B,A,A,A,B,B,B,A,B,B,B,A,A,A,B,B,B,A,A,B,A,A,B,A,B,B,A,B,A,A,A,A,B,A,B,A,B,B,B,B,A,B,B,A,B,B
RSM_1_15.85,B,B,A,A,B,B,A,A,B,B,A,A,B,B,A,A,A,A,A,B,B,B,NA,NA,B,A,A,B,A,A,A,B,B,B,A,B,A,A,A,B,B,B,B,A,B,B,B,B,A,B,A,B,A,A,B,B,B,B,A,B,A,NA,A,A,A,B,B,B,B,B,B,A,A,A,B,B,B,B,A,A,A,B,B,B,B,A,A,B,B,A,A,B,NA,A,A,A,B,A,A,B,A,A,A,A,B,B,A,B,A,B,NA,B,B,A,B,A,A,A,B,B,A,B,B,A,B,B,A,B,A,B,B,A,A,A,B,B,B,A,B,B,B,A,A,A,B,B,B,A,A,B,A,A,B,A,B,B,A,B,A,A,A,A,B,A,B,A,B,B,B,B,A,B,B,A,B,B
RSM_1_15.95,B,B,A,A,B,B,A,A,B,B,A,A,B,B,A,A,A,A,A,B,B,B,NA,NA,B,A,A,B,A,A,A,B,B,B,A,B,A,A,A,B,B,B,B,A,B,B,B,B,A,B,A,B,A,A,B,B,B,B,A,B,A,NA,A,A,A,B,B,B,B,B,B,A,A,A,B,B,B,B,A,A,A,B,B,B,B,A,A,B,B,A,A,B,NA,A,A,A,B,A,A,B,A,A,A,A,B,B,A,B,A,B,NA,B,B,A,B,A,A,A,B,B,A,B,B,A,B,B,A,B,A,B,B,A,A,A,B,B,B,A,B,B,B,A,A,A,B,B,B,A,A,B,A,A,B,A,B,B,A,B,A,A,A,A,B,A,B,A,B,B,B,B,A,B,B,A,B,B
RSM_1_16.15,B,B,A,A,B,B,A,A,B,B,A,A,B,B,A,A,A,A,A,B,B,B,NA,NA,B,A,A,B,A,A,A,B,B,B,A,B,A,A,A,B,B,B,B,A,B,B,B,A,A,B,A,B,A,A,B,B,B,B,A,B,A,NA,A,A,A,B,B,B,B,B,B,A,A,A,B,B,B,B,A,A,A,B,B,B,B,A,A,B,B,A,A,B,NA,A,A,A,B,A,A,B,A,A,A,A,B,B,A,B,A,B,NA,B,B,A,B,A,A,A,B,B,A,B,B,A,B,B,A,B,A,B,B,A,A,A,B,B,B,A,B,B,B,A,A,A,B,B,B,A,A,B,A,A,B,A,B,B,A,B,A,B,A,A,B,A,B,A,B,B,B,B,A,B,B,A,B,B
RSM_1_16.25,B,B,A,A,B,B,A,A,B,B,A,A,B,B,A,A,A,A,A,B,B,B,NA,NA,B,A,A,B,A,A,A,B,B,B,A,B,A,A,A,B,B,B,B,A,B,B,B,A,A,B,A,B,A,A,B,B,B,B,A,B,A,NA,A,A,A,B,B,B,B,B,B,A,A,A,B,B,B,B,A,A,A,B,B,B,B,A,A,B,B,A,A,B,NA,A,A,A,B,A,A,B,A,A,A,A,B,B,A,B,A,B,NA,B,B,A,B,A,A,A,B,B,A,B,B,A,B,B,A,B,A,B,B,A,A,A,B,B,B,A,B,B,B,A,A,A,B,B,B,A,A,B,A,A,B,A,B,B,A,B,A,B,A,A,B,A,B,A,B,B,B,B,A,B,B,A,B,B
RSM_1_16.35,B,B,A,A,B,B,A,A,B,B,A,A,B,B,A,A,A,A,A,B,B,B,NA,NA,B,A,A,B,A,A,A,B,B,B,A,B,A,A,A,B,B,B,B,A,B,B,B,A,A,B,A,B,A,A,B,B,B,B,A,B,A,NA,A,A,A,B,B,B,B,B,B,A,A,A,B,B,B,B,A,A,A,B,B,B,B,A,A,B,B,A,A,B,NA,A,A,A,B,A,A,B,A,A,A,A,B,B,A,B,A,B,NA,B,B,A,B,A,A,A,B,B,A,B,B,A,B,B,A,B,A,B,B,A,A,A,B,B,B,A,B,B,B,A,A,A,B,B,B,A,A,B,A,A,B,A,B,B,A,B,A,B,A,A,B,A,B,A,B,B,B,B,A,B,B,A,B,B
RSM_1_16.45,B,B,A,A,B,B,A,A,B,B,A,A,B,B,A,A,A,A,A,B,B,B,NA,NA,B,A,A,B,A,A,A,B,B,B,A,B,A,A,A,B,B,B,B,A,B,B,B,A,A,B,A,B,A,A,B,B,B,B,A,B,A,NA,A,A,A,B,B,A,B,B,B,A,A,A,B,B,B,B,A,A,A,B,B,B,B,A,A,B,B,A,A,B,NA,A,A,A,B,A,A,B,A,A,A,A,B,B,A,B,A,B,NA,B,B,A,B,A,A,A,B,B,A,B,B,A,B,B,A,B,A,B,B,A,A,A,B,B,B,A,B,B,B,A,B,A,B,B,B,A,A,B,A,A,B,A,B,B,A,B,A,B,A,A,B,A,B,A,B,B,B,B,A,B,B,A,B,B
RSM_1_16.65,B,B,A,A,B,B,A,A,B,B,A,A,B,B,A,A,A,A,A,B,B,B,NA,NA,B,A,A,B,A,A,A,B,B,B,A,B,A,A,A,B,B,B,B,A,B,B,B,A,A,B,A,B,A,A,B,B,B,B,A,B,A,NA,A,A,A,B,B,A,B,B,B,A,A,A,B,B,B,B,A,A,A,B,B,B,B,A,A,B,B,A,A,B,NA,A,A,A,B,A,A,B,A,A,A,A,B,B,A,B,A,B,NA,B,B,A,B,A,A,A,B,B,A,B,B,A,B,B,A,B,A,B,B,A,A,A,B,B,B,A,B,B,B,A,B,A,B,B,B,A,A,B,A,A,B,A,B,B,A,B,A,B,A,A,B,A,B,A,B,B,B,B,A,B,B,A,B,B
RSM_1_16.75,B,B,A,A,B,B,A,A,B,B,A,A,B,B,A,A,A,A,A,B,B,B,NA,NA,B,A,A,B,A,A,A,B,B,B,A,B,A,A,A,B,B,B,B,A,B,B,B,A,A,B,A,B,A,A,B,B,B,B,A,B,A,NA,A,A,A,B,B,A,B,B,B,A,A,A,B,B,B,B,A,A,A,B,B,B,B,A,A,B,B,B,A,B,NA,A,A,A,A,A,A,B,A,A,A,A,B,B,A,B,A,B,NA,B,B,A,B,A,A,A,B,B,A,B,B,A,B,B,A,B,A,B,B,A,A,A,B,B,B,A,B,B,B,A,B,A,B,B,B,A,A,B,A,A,B,A,B,B,A,B,A,B,A,A,B,A,B,A,B,B,B,B,A,A,B,A,B,B
RSM_1_16.85,B,B,A,A,B,B,A,A,B,B,A,A,B,B,A,A,A,A,A,B,B,B,NA,NA,B,A,A,B,A,A,A,B,B,B,A,B,A,A,A,B,B,B,B,A,B,B,B,A,A,B,A,B,A,A,B,B,B,B,A,B,A,NA,A,A,A,B,B,A,B,B,B,A,A,A,B,B,B,B,A,A,A,B,B,B,B,A,A,B,B,B,A,B,NA,A,A,A,A,A,A,B,A,A,A,A,B,B,A,B,A,B,NA,B,B,A,B,A,A,A,B,B,B,B,B,A,B,B,A,B,A,B,B,A,A,A,B,B,B,A,B,B,B,A,B,A,B,B,B,A,A,B,A,A,B,A,B,B,A,B,A,B,A,A,B,A,B,A,B,B,B,B,A,A,B,A,B,B
RSM_1_16.95,B,B,A,A,B,B,A,A,B,B,A,A,B,B,A,A,A,A,A,B,B,B,NA,NA,B,A,A,B,A,A,A,B,B,B,A,B,A,A,A,B,B,B,B,A,B,B,B,A,A,B,A,B,A,A,B,B,B,B,A,B,A,NA,A,A,A,B,B,A,B,B,B,A,A,A,A,B,B,B,A,A,A,B,B,B,B,A,A,B,B,B,A,B,NA,A,A,A,A,A,A,B,A,A,A,A,B,B,A,B,A,B,NA,B,B,A,B,A,A,A,B,B,B,B,B,A,B,B,B,B,A,B,B,A,A,A,B,A,B,A,B,B,B,A,B,A,B,B,B,A,A,B,A,A,B,A,B,B,A,B,A,B,B,A,B,A,B,A,B,B,B,B,A,A,B,A,B,B
RSM_1_17.05,B,B,A,A,B,B,A,A,B,B,A,A,B,B,A,A,A,A,A,B,B,B,NA,NA,B,A,A,B,A,A,A,B,B,B,A,B,A,A,A,B,B,B,B,A,B,B,B,A,A,B,A,B,A,A,B,B,B,B,A,B,A,NA,A,A,A,B,B,A,B,B,B,A,A,A,A,B,B,B,A,A,A,B,B,B,B,A,A,B,B,B,A,B,NA,A,A,A,A,A,A,A,A,A,A,A,B,B,A,B,A,B,NA,B,B,A,B,A,A,A,B,B,B,B,B,A,B,B,B,B,A,B,B,A,A,A,B,A,B,A,B,B,B,A,B,A,B,B,B,A,A,B,A,A,B,A,B,B,A,B,A,B,B,A,B,A,B,A,B,B,B,B,A,A,B,A,B,B
RSM_1_17.15,B,B,A,A,B,B,A,A,B,B,A,A,B,B,A,A,A,A,A,B,B,B,NA,NA,B,A,A,B,A,A,A,B,B,B,A,B,A,A,A,B,B,B,B,A,B,B,B,A,A,B,A,B,A,A,B,B,B,B,A,B,A,NA,A,A,A,B,B,A,B,B,B,A,A,A,A,B,B,B,A,A,A,B,B,B,B,A,A,B,B,B,A,B,NA,A,A,A,A,A,A,A,A,A,A,A,B,B,A,B,A,B,NA,B,B,A,B,A,A,A,B,B,B,B,B,A,B,B,B,B,A,B,B,A,A,A,B,A,B,A,B,B,B,A,B,A,B,B,B,A,A,B,A,A,B,A,B,B,A,B,A,B,B,A,B,A,B,A,B,B,B,B,A,A,B,A,B,B
RSM_1_17.25,B,B,A,A,B,B,A,A,B,B,A,A,B,B,A,A,A,A,A,B,B,B,NA,NA,B,A,A,B,A,A,A,B,B,B,A,B,A,A,A,B,B,B,B,A,B,B,B,A,A,B,A,A,A,A,B,B,B,B,A,B,A,NA,A,A,A,B,B,A,B,B,B,A,A,A,A,B,B,B,A,A,A,B,B,B,B,A,A,B,B,B,B,B,NA,A,A,A,A,A,A,A,A,A,A,A,B,B,A,B,A,B,NA,B,B,A,B,A,A,A,B,B,B,B,B,A,B,B,B,B,A,B,B,A,A,A,B,A,B,A,B,B,B,A,B,A,B,B,B,A,A,B,A,A,B,A,B,B,A,B,A,B,B,A,B,A,B,A,B,B,B,B,A,A,B,A,B,B
RSM_1_17.35,B,B,A,A,B,B,A,A,B,B,A,A,B,B,A,A,A,A,A,B,B,B,NA,NA,B,A,A,B,A,A,A,B,B,B,A,B,A,A,A,B,B,B,B,A,B,B,B,A,A,B,A,A,A,A,B,B,B,B,A,A,A,NA,A,A,A,B,B,A,B,B,B,A,A,A,A,B,B,B,A,A,B,B,B,B,B,A,A,B,B,B,B,B,NA,A,A,A,A,A,A,A,A,A,A,A,B,B,A,B,A,B,NA,B,B,A,B,A,A,A,B,B,B,B,B,A,B,B,B,B,A,B,B,A,A,A,B,A,B,A,B,B,B,A,B,A,B,B,B,A,A,B,A,A,B,A,B,B,A,B,A,B,B,A,B,A,B,A,B,B,B,B,A,A,B,A,B,B
RSM_1_17.45,B,B,A,A,B,B,A,A,B,B,A,A,B,B,A,A,A,A,A,B,B,B,NA,NA,B,A,A,B,A,A,A,B,B,B,A,B,A,A,A,B,B,B,B,A,B,B,B,A,A,B,A,A,A,A,B,B,B,B,A,A,A,NA,A,A,A,B,B,A,B,B,B,A,A,A,A,B,B,B,A,A,B,B,B,B,B,A,A,B,B,B,B,B,NA,A,A,A,A,A,A,A,A,A,A,A,B,B,A,B,A,B,NA,B,B,A,B,A,A,A,B,B,B,B,B,A,B,B,B,B,A,B,B,A,A,A,B,A,B,A,B,B,B,A,B,A,B,B,B,A,A,B,A,A,B,A,B,B,A,B,A,B,B,A,B,A,B,A,B,B,B,B,A,A,B,A,B,B
RSM_1_17.55,B,B,A,A,B,B,A,A,B,B,A,A,B,B,A,A,A,A,A,B,B,B,NA,NA,B,A,A,B,A,A,A,B,B,B,A,B,A,A,A,B,B,B,B,A,B,B,B,A,A,B,A,A,A,A,B,B,B,B,A,A,A,B,A,A,A,B,B,A,B,B,B,A,A,A,A,B,B,B,A,A,B,B,B,B,B,A,A,B,B,B,B,B,NA,A,A,A,A,A,A,A,A,A,A,A,B,B,A,B,A,B,NA,B,B,A,B,A,A,A,B,B,B,B,B,A,B,B,B,B,A,B,B,A,A,A,B,A,B,A,B,B,B,A,B,A,B,B,B,A,A,B,A,A,B,A,B,B,A,B,A,B,B,A,B,A,B,A,B,B,B,B,A,A,B,A,B,B
RSM_1_17.65,B,B,A,A,B,B,A,A,B,B,A,A,B,B,A,A,A,A,A,B,B,B,NA,NA,B,A,A,B,A,A,A,B,B,B,A,B,A,A,A,B,B,B,B,A,B,B,B,A,A,B,A,A,A,A,B,B,B,B,A,A,A,B,A,A,A,B,B,A,B,B,B,A,A,A,A,B,B,B,A,A,B,B,B,B,B,A,A,B,B,B,B,B,NA,A,A,A,A,A,A,A,A,A,A,A,B,B,A,B,A,B,NA,B,B,A,B,A,A,A,B,B,B,B,B,A,B,B,B,B,A,B,B,NA,A,A,B,A,B,A,B,B,B,A,B,A,B,B,B,A,A,B,A,A,B,A,B,B,A,B,A,B,B,A,B,A,B,A,B,B,B,B,A,A,B,A,B,A
RSM_1_17.75,B,B,A,A,B,B,A,A,B,B,A,A,B,B,A,A,A,A,A,B,B,B,NA,NA,B,A,A,B,A,A,A,B,B,B,A,B,A,A,A,B,B,B,B,A,B,B,B,A,A,B,A,A,A,A,B,B,B,B,A,A,A,B,A,A,A,B,B,A,B,B,B,A,A,A,A,B,B,B,A,A,B,B,B,B,B,A,A,B,B,B,B,B,NA,A,A,A,A,A,A,A,A,A,A,A,B,B,A,B,A,B,NA,B,B,A,B,A,A,A,B,B,B,B,B,A,B,B,B,B,A,B,B,NA,A,A,B,A,B,A,B,B,B,A,B,A,B,B,B,A,A,B,A,A,B,A,B,B,A,B,A,B,B,A,B,A,B,A,B,B,B,B,A,A,B,A,B,A
RSM_1_17.85,B,B,A,A,B,B,A,A,B,B,A,A,B,B,A,A,A,A,A,B,B,B,NA,NA,B,A,A,B,A,A,A,B,B,B,A,B,A,A,A,B,B,B,B,A,B,B,B,A,A,B,A,A,A,A,B,B,B,B,A,A,A,B,A,A,A,B,B,A,B,B,B,A,A,A,A,B,B,B,A,A,B,B,B,B,B,A,A,B,B,B,B,B,NA,A,A,A,A,A,A,A,A,A,A,A,B,B,A,B,A,B,NA,B,B,A,B,A,A,A,B,B,B,B,B,A,B,B,B,B,A,B,B,NA,A,A,B,A,B,A,B,B,B,A,B,A,B,B,B,A,A,B,A,A,B,A,B,B,A,B,A,B,B,A,B,A,B,A,B,B,B,B,A,A,B,A,B,A
RSM_1_17.95,B,B,A,A,B,B,A,A,B,B,A,A,B,B,A,A,A,A,A,B,B,B,NA,NA,B,A,A,B,A,A,A,B,B,B,A,B,A,A,A,B,B,B,B,A,B,B,B,A,A,B,A,A,A,A,B,B,B,B,A,A,A,B,B,A,A,B,B,A,B,B,B,A,A,B,A,B,B,B,A,A,B,B,B,B,B,A,A,B,B,B,B,B,NA,A,A,A,A,A,A,A,A,A,A,A,B,B,A,B,A,B,NA,B,B,A,B,A,A,A,B,B,A,B,B,A,B,B,B,B,A,B,B,NA,A,A,B,A,B,A,B,B,B,A,B,A,B,B,B,A,A,B,A,A,B,A,B,B,A,B,A,B,B,A,B,A,B,A,B,B,B,B,A,A,B,A,B,A
RSM_1_18.05,B,B,A,A,B,B,A,A,B,B,A,A,B,B,A,A,A,A,A,B,B,B,NA,NA,B,A,A,B,A,A,A,B,B,B,A,B,A,A,A,B,B,B,B,A,B,B,B,A,A,B,A,A,A,A,B,B,B,B,A,A,A,B,B,A,A,B,B,A,B,B,B,A,A,B,A,A,B,B,A,A,B,B,B,B,B,A,A,B,B,B,B,B,NA,A,A,A,A,A,A,A,A,A,A,A,B,B,A,B,A,B,NA,B,B,A,B,A,A,A,B,B,A,B,B,A,B,B,B,B,A,B,B,NA,A,A,B,A,B,A,B,B,B,A,B,A,B,B,B,A,A,B,A,A,B,A,B,B,A,B,A,B,B,A,B,A,B,A,B,B,B,B,A,A,B,A,B,A
RSM_1_18.15,B,B,A,A,B,B,A,A,B,B,A,A,B,B,A,A,A,A,A,B,B,B,NA,NA,B,A,A,B,A,A,A,B,B,B,A,B,A,A,A,B,B,B,B,A,B,B,B,A,A,B,A,A,A,A,B,B,B,B,A,A,A,B,B,A,A,B,B,A,B,B,B,A,A,B,A,A,B,B,A,A,B,B,B,B,B,A,A,B,B,B,B,B,NA,A,A,A,A,B,A,A,A,A,A,A,B,B,A,B,A,B,NA,B,B,A,B,A,A,A,B,B,A,B,B,A,B,B,B,B,A,B,B,NA,A,A,B,A,B,A,B,B,B,A,B,A,B,B,B,A,A,B,A,A,B,A,B,B,A,B,A,B,B,A,B,A,B,A,B,B,B,B,A,A,B,A,B,A
RSM_1_18.25,B,B,A,A,B,B,A,A,B,B,A,A,B,B,A,A,A,A,A,B,B,B,NA,NA,B,A,A,B,A,A,A,B,B,B,A,B,A,A,A,B,B,B,B,A,B,B,B,A,A,B,A,A,A,A,B,B,B,B,A,A,A,B,B,A,A,B,B,A,B,B,B,A,A,B,A,A,B,B,A,A,B,B,B,B,B,A,A,B,B,B,B,B,NA,A,A,A,A,B,A,A,A,A,A,A,B,B,A,B,A,B,NA,B,B,A,B,A,A,A,B,B,A,A,B,A,B,B,B,B,A,B,B,NA,A,A,B,A,B,A,B,B,B,A,B,A,B,B,B,A,A,B,A,A,B,A,B,B,A,B,A,B,B,A,B,A,B,A,B,B,B,B,A,A,B,A,B,A
RSM_1_18.35,B,B,A,A,B,B,A,A,B,B,A,A,B,B,A,A,A,A,A,B,B,B,NA,NA,B,A,A,B,A,A,A,B,B,B,A,B,A,A,A,B,B,B,B,A,B,B,B,A,A,B,A,A,A,A,B,B,B,B,A,A,A,B,B,A,A,B,B,A,B,B,B,A,A,B,A,A,B,B,A,A,B,B,B,B,B,A,A,B,B,B,B,B,NA,A,A,A,A,B,A,A,A,A,A,A,B,B,A,B,A,B,NA,B,B,A,B,A,A,A,B,B,A,A,B,A,B,B,B,B,A,B,B,NA,A,A,B,A,B,A,B,B,B,A,B,A,B,B,B,A,A,B,A,A,B,A,B,B,A,B,A,B,B,A,B,A,B,A,B,B,B,B,A,A,B,A,B,A
RSM_1_18.45,B,B,A,A,B,B,A,A,B,B,A,A,B,B,A,A,A,A,A,B,B,B,NA,NA,B,A,A,B,A,A,A,B,B,B,A,B,A,A,A,B,B,B,B,A,B,B,B,A,A,B,A,A,A,A,B,B,B,B,A,A,A,B,B,B,A,B,B,A,B,B,B,A,A,B,A,A,B,B,A,A,B,B,B,B,B,A,A,B,B,B,B,B,NA,A,A,A,A,B,A,A,A,A,A,A,B,B,A,B,A,B,NA,B,B,A,B,A,A,A,B,B,A,A,B,A,B,B,B,B,A,B,B,NA,A,A,B,A,B,A,B,B,B,A,B,A,B,B,B,A,A,B,A,A,B,A,B,B,A,B,A,B,B,A,B,A,B,A,B,B,B,B,A,A,B,A,B,A
RSM_1_18.55,B,B,A,A,B,B,A,A,B,B,A,A,B,B,A,A,A,A,A,B,B,B,NA,NA,B,A,A,B,A,A,A,B,B,B,A,B,A,A,A,B,B,B,B,A,B,B,B,A,A,B,A,A,A,A,B,B,B,B,A,A,A,B,B,B,A,B,B,A,B,A,B,A,A,B,A,A,B,B,A,A,B,B,B,B,B,A,A,B,B,B,B,B,NA,A,A,A,A,B,A,A,A,A,A,A,B,B,A,B,A,B,NA,B,B,A,B,A,A,A,B,B,A,A,B,A,B,B,B,B,A,B,B,NA,A,A,B,A,B,A,B,B,B,A,B,A,B,B,B,A,A,B,A,A,B,A,B,B,A,B,A,B,B,A,B,A,B,A,B,B,B,B,A,A,B,A,B,A
RSM_1_18.65,B,B,A,A,B,B,A,A,B,B,A,A,B,B,A,A,A,A,A,B,B,B,NA,NA,B,A,A,B,A,A,A,B,B,B,A,B,A,A,A,B,B,B,B,A,B,B,B,A,A,B,A,A,A,A,B,B,B,B,A,A,A,B,B,B,A,B,B,A,B,A,B,A,A,B,A,A,B,B,A,A,B,B,B,B,B,A,A,B,B,B,B,B,NA,A,A,A,A,B,A,A,A,A,A,A,B,B,A,B,A,B,NA,B,B,A,B,A,A,A,B,B,A,A,B,A,B,B,B,B,A,B,B,NA,A,A,B,A,B,A,B,B,B,A,B,A,B,B,B,A,A,B,A,A,B,A,B,B,A,B,A,B,B,A,B,B,B,A,B,B,B,B,A,A,B,A,B,A
RSM_1_18.75,B,B,A,A,B,B,A,A,B,B,A,A,B,B,A,A,A,A,A,B,B,B,NA,NA,B,A,A,B,A,B,A,B,B,B,A,B,B,A,A,B,B,B,A,A,B,B,B,A,A,B,A,A,A,A,B,B,B,B,A,A,A,B,B,B,A,B,B,A,B,A,B,A,A,B,A,A,B,B,A,A,B,B,B,B,B,A,A,B,B,B,B,B,A,A,A,A,A,B,A,A,A,A,A,A,B,B,A,B,A,B,NA,B,B,A,B,A,A,A,B,B,A,A,B,A,B,B,B,B,A,B,B,NA,A,A,B,A,B,A,B,B,B,A,B,A,B,B,B,A,A,B,A,A,B,A,B,B,A,B,A,B,B,A,B,B,B,A,B,B,B,B,A,A,B,A,B,A
RSM_1_18.95,B,B,A,A,B,B,A,A,B,B,A,A,B,B,A,A,A,A,A,B,B,B,NA,NA,B,A,A,B,A,B,A,B,B,B,A,B,B,A,A,B,B,B,A,A,B,B,B,A,A,B,A,A,A,A,B,B,B,B,A,A,A,B,B,B,A,B,B,A,B,A,B,A,A,B,A,A,B,B,A,A,B,B,B,B,B,A,A,B,B,B,B,B,A,A,A,A,A,B,A,A,A,A,A,A,B,B,A,B,A,B,NA,B,B,A,B,A,A,A,B,B,A,A,B,A,B,B,B,B,A,B,B,NA,A,A,B,A,B,A,B,B,B,A,B,A,B,B,B,A,A,B,A,A,B,A,B,B,A,B,A,B,B,A,B,B,B,A,A,A,B,B,A,A,B,A,B,A
RSM_1_19.05,B,B,A,A,B,B,A,A,B,B,A,A,B,B,A,A,A,A,A,B,B,B,NA,NA,B,A,A,B,A,B,A,B,B,B,A,B,B,A,A,B,B,B,A,A,B,B,B,A,A,B,A,A,A,A,B,B,B,B,A,A,A,B,B,B,A,B,B,A,B,A,B,A,A,B,A,A,B,B,A,A,B,B,B,B,B,A,A,B,B,B,B,B,A,A,A,A,A,B,A,A,A,A,A,A,B,B,A,B,A,B,NA,B,B,A,B,A,A,A,B,B,A,A,B,A,B,B,B,B,A,B,B,NA,A,A,B,A,B,A,B,B,B,A,B,A,B,B,B,A,A,B,A,A,B,A,B,B,A,B,A,B,B,A,B,B,B,A,A,A,B,B,A,A,B,A,B,A
RSM_1_19.15,B,B,A,A,B,B,A,A,B,B,A,A,B,B,A,A,A,A,A,B,B,B,NA,NA,B,A,A,B,A,B,A,B,B,B,A,B,B,A,A,B,B,B,A,A,B,B,B,A,A,B,A,A,A,A,B,B,B,B,A,A,A,B,B,B,A,B,B,A,B,A,B,A,A,B,A,A,B,B,A,A,B,B,B,B,B,A,A,B,B,B,B,B,A,A,A,A,A,B,A,A,A,A,A,A,B,B,A,B,A,B,NA,B,B,A,B,A,A,A,B,B,A,A,B,A,B,B,B,B,A,B,B,NA,A,A,B,A,B,A,B,B,B,B,B,A,B,B,B,A,A,B,A,A,B,A,B,B,A,B,A,B,B,A,B,B,B,A,B,A,B,B,A,A,B,B,B,A
RSM_1_19.25,B,B,A,A,B,B,A,A,B,B,A,A,B,B,A,A,A,A,A,B,B,B,NA,NA,B,A,A,B,A,B,A,B,B,B,A,B,B,A,A,B,B,B,A,A,B,B,B,A,A,B,A,A,A,A,B,B,B,B,A,A,A,B,B,B,A,B,B,A,B,A,B,A,A,B,A,A,B,B,A,A,B,B,B,B,B,A,A,B,B,B,B,B,A,A,A,A,A,B,A,A,A,A,A,A,B,B,A,B,A,B,NA,B,B,A,B,A,A,A,B,B,A,A,B,A,B,B,B,B,A,B,B,NA,A,A,B,A,B,A,B,B,B,B,B,A,B,B,B,A,A,B,A,A,B,A,B,B,A,B,A,B,B,A,B,B,B,A,B,A,B,B,A,A,B,B,B,A
RSM_1_19.35,B,B,A,A,B,B,A,A,B,B,A,A,B,B,A,A,A,A,A,B,B,B,NA,NA,B,A,A,B,A,B,A,B,B,B,A,B,B,A,A,B,B,B,A,A,B,B,B,A,A,B,A,A,A,A,B,B,B,B,A,A,A,B,B,B,A,B,B,A,B,A,B,A,A,B,A,A,B,B,A,A,B,B,B,B,B,A,A,B,B,B,B,B,A,A,A,A,A,B,A,A,A,A,A,A,B,B,A,B,A,B,NA,B,B,A,B,A,A,A,B,B,A,A,B,A,B,B,B,B,A,B,B,NA,A,A,B,A,B,A,B,B,B,B,B,A,B,B,B,A,A,B,A,A,B,A,B,B,A,B,A,B,B,A,B,B,B,A,B,A,B,B,A,A,B,B,B,A
RSM_1_19.45,B,B,A,A,B,B,A,A,B,B,A,A,B,B,A,A,A,A,A,B,B,B,NA,NA,B,A,A,B,A,B,A,B,B,B,A,B,B,A,A,B,B,B,A,A,B,B,B,A,A,B,A,A,A,A,B,B,B,B,A,A,A,B,B,B,A,B,B,A,B,A,B,A,A,B,A,A,B,B,A,A,B,B,B,B,B,A,A,B,B,B,B,B,A,A,A,A,A,B,A,A,B,A,A,A,B,B,A,B,A,B,NA,B,B,A,B,A,A,A,B,B,A,A,B,A,B,B,B,B,A,B,NA,NA,A,A,B,A,B,A,B,B,B,B,B,A,B,B,B,A,A,B,A,A,B,A,B,B,A,B,A,B,B,A,B,B,B,A,B,A,B,B,A,A,B,B,B,A
RSM_1_19.55,B,B,A,A,B,B,A,A,B,B,A,A,B,B,A,A,A,A,A,B,B,B,NA,NA,B,A,A,B,A,B,A,B,B,B,A,B,B,A,A,B,B,B,A,A,B,B,B,A,A,B,A,A,A,A,B,B,B,B,A,A,A,B,B,B,A,B,B,A,B,A,B,A,A,B,A,A,B,B,A,A,B,B,B,B,B,A,A,B,B,B,B,B,A,A,A,A,A,B,A,A,B,A,A,A,B,B,A,B,A,B,NA,B,B,A,B,A,A,A,B,B,A,A,B,A,A,B,B,B,A,B,NA,NA,A,A,B,A,B,A,B,B,B,B,B,A,B,B,B,A,A,B,A,A,B,A,B,B,A,B,A,B,B,A,B,B,B,A,B,A,B,B,A,A,B,B,B,A
RSM_1_19.65,B,B,A,A,B,B,A,A,B,B,A,A,B,B,A,A,A,A,A,B,B,B,NA,NA,B,A,A,B,A,B,A,B,B,B,A,B,B,A,A,B,B,B,A,A,B,B,B,A,A,B,A,A,A,A,B,B,B,B,A,A,A,B,B,B,A,B,B,A,B,A,B,A,A,B,A,A,B,B,A,A,B,B,B,B,B,A,A,B,B,B,B,B,A,A,A,A,A,B,A,A,B,A,A,A,B,B,A,B,A,B,NA,B,B,A,B,A,A,A,A,B,A,A,B,A,A,B,B,B,A,B,NA,NA,A,A,B,A,B,A,B,B,B,B,B,A,B,B,B,A,A,B,A,A,B,A,B,B,A,B,A,B,B,A,B,B,B,A,B,A,B,B,A,A,B,A,B,A
RSM_1_19.75,B,B,A,A,B,B,A,A,B,B,A,A,B,B,A,A,A,A,A,B,B,B,NA,NA,B,A,A,B,A,B,A,B,B,B,A,B,B,A,A,B,B,B,A,A,B,B,B,A,A,B,A,A,A,A,B,B,B,B,A,A,A,B,B,B,A,B,B,A,B,A,B,A,A,B,A,A,B,B,A,A,B,B,B,B,B,A,A,B,B,B,B,B,A,A,A,A,A,B,A,A,B,A,A,A,B,B,A,B,A,B,NA,B,B,A,B,NA,A,A,A,B,A,A,B,A,A,B,B,B,A,B,NA,NA,A,A,B,A,B,A,B,B,B,B,B,A,B,B,B,A,A,B,A,A,B,A,B,B,A,B,A,B,B,A,B,B,B,A,B,A,B,B,A,A,B,A,B,A
RSM_1_19.85,B,B,A,A,B,B,A,A,B,B,A,A,B,B,A,A,A,A,A,B,B,B,NA,NA,B,A,A,B,A,B,A,A,B,B,A,B,B,A,A,B,B,B,A,A,B,B,B,A,A,B,A,A,A,A,B,B,B,B,A,A,A,B,B,B,A,B,B,A,B,A,B,A,A,B,A,A,B,B,A,A,B,B,B,B,B,A,A,B,B,B,B,B,A,A,A,A,A,B,A,A,B,A,A,A,B,B,A,B,A,B,NA,A,B,A,B,NA,A,A,A,B,A,A,B,A,A,B,B,B,A,B,NA,NA,A,A,B,A,B,A,B,B,B,B,B,A,B,B,B,A,A,B,A,A,B,A,B,B,A,B,A,B,B,A,B,B,B,A,B,A,B,B,A,A,B,A,B,A
RSM_1_19.95,B,B,A,A,B,B,A,A,B,B,A,A,B,B,A,A,A,A,A,B,B,B,NA,NA,B,A,A,B,A,B,A,A,B,B,A,B,B,A,A,B,B,B,A,A,B,B,B,A,A,B,A,A,B,A,B,B,B,B,A,A,A,B,B,B,A,B,B,A,B,A,B,A,A,B,A,A,B,B,A,A,B,B,B,B,B,A,A,B,B,B,B,B,A,A,A,A,A,B,A,A,B,A,B,A,B,B,A,B,A,B,NA,A,B,A,B,NA,B,A,A,B,A,A,B,A,A,B,B,B,A,B,NA,NA,A,A,B,A,B,A,B,B,B,B,B,A,B,B,B,A,A,B,A,A,B,A,B,B,A,B,A,B,B,A,B,B,B,A,B,A,B,B,A,A,B,A,B,A
RSM_1_20.05,B,B,A,A,B,B,A,A,B,B,A,A,B,B,A,A,A,A,A,B,B,B,NA,NA,B,A,A,B,A,B,A,A,B,B,A,B,B,A,A,B,B,B,A,A,B,B,B,A,A,B,A,A,B,A,B,B,B,B,A,A,A,B,B,B,A,B,B,A,B,A,B,A,A,B,A,A,B,B,A,A,B,B,B,B,B,A,A,B,B,B,B,B,A,A,A,A,A,B,A,A,B,A,B,A,B,B,A,B,A,B,NA,A,B,A,B,NA,B,A,A,B,A,A,B,A,A,B,B,B,A,B,NA,NA,A,A,B,A,B,A,B,B,B,B,B,A,B,B,B,A,A,B,A,A,B,A,B,B,A,B,A,B,B,A,B,B,B,A,B,A,B,B,A,A,B,A,B,A
RSM_1_20.15,B,B,A,A,B,B,A,A,B,B,A,A,B,B,A,A,A,A,A,B,B,B,NA,NA,B,A,A,B,A,B,A,A,B,B,A,B,B,A,A,B,B,B,A,A,B,B,B,A,A,B,A,A,B,A,B,B,B,B,A,A,A,B,B,B,A,B,B,A,B,A,B,A,A,B,A,A,B,B,A,A,B,B,B,B,B,A,A,B,B,B,B,B,A,A,A,A,A,B,A,A,B,A,B,A,B,B,A,B,A,B,NA,A,B,A,B,NA,B,A,A,B,A,A,B,A,A,B,B,B,A,B,NA,NA,A,A,B,A,B,A,B,B,B,B,B,A,B,B,B,A,A,B,A,A,B,A,B,B,A,B,A,B,B,A,B,B,B,A,B,A,B,B,A,A,B,A,B,A
RSM_1_20.25,B,B,A,A,B,B,A,A,B,B,A,A,B,B,A,A,A,A,A,B,B,B,NA,NA,B,A,A,B,A,B,A,A,B,B,A,B,B,A,A,B,B,B,A,A,B,B,B,A,A,B,A,A,B,A,B,B,B,B,A,A,A,B,B,B,A,B,B,A,B,A,B,A,A,B,A,A,B,B,A,A,B,B,B,B,B,A,A,B,B,B,B,B,A,A,A,A,A,B,A,A,B,A,B,A,B,B,A,B,A,B,NA,A,B,A,B,NA,B,A,A,B,A,A,B,A,A,B,B,B,A,B,NA,NA,A,A,B,A,B,A,B,B,B,B,B,A,B,B,B,A,A,B,A,A,B,A,B,B,A,B,A,B,B,A,B,B,B,A,B,A,B,B,A,A,B,A,B,A
RSM_1_20.35,B,B,A,A,B,B,A,A,B,B,A,A,B,B,A,A,A,A,A,B,B,B,NA,NA,B,A,A,B,A,B,A,A,B,B,A,B,B,A,A,B,B,B,A,A,B,B,B,A,A,B,A,A,B,A,B,B,B,B,A,A,A,B,B,B,A,B,B,A,B,A,B,A,A,B,A,A,B,B,A,A,B,B,B,B,B,A,A,B,B,B,B,B,A,A,A,A,A,B,A,A,B,A,B,A,B,B,A,A,A,B,NA,A,B,A,B,NA,B,A,A,B,A,A,B,A,A,B,B,B,A,B,NA,NA,A,A,B,A,B,A,B,B,B,B,B,A,B,B,B,A,A,B,A,A,B,A,B,B,A,B,A,B,B,A,B,B,B,A,B,A,B,B,A,A,B,A,B,A
RSM_1_20.45,B,B,A,A,B,B,A,A,B,B,A,A,B,B,A,A,A,A,A,B,B,B,NA,NA,B,A,A,B,A,B,A,A,B,B,A,B,B,A,A,B,B,B,A,A,B,B,B,A,A,B,A,A,B,A,B,B,B,B,A,A,A,B,B,B,A,B,B,A,B,A,B,A,A,B,A,A,B,B,A,A,B,B,B,B,B,A,A,B,B,B,B,B,A,A,A,A,A,B,A,A,B,A,B,A,B,B,A,A,A,B,A,B,B,A,B,NA,B,A,A,B,A,B,B,A,A,B,B,B,A,B,NA,NA,A,A,B,A,B,A,B,B,B,B,B,A,B,B,B,A,A,B,A,A,B,A,B,B,A,B,A,B,B,A,B,B,B,A,B,A,B,B,A,A,B,A,B,A
RSM_1_20.55,B,B,A,A,B,B,A,A,B,B,A,A,B,B,A,A,A,A,A,B,B,B,NA,NA,B,A,A,B,A,B,A,A,B,B,NA,B,B,A,A,B,B,B,A,A,B,B,B,A,A,B,A,A,B,A,B,B,B,B,A,A,A,B,B,B,A,B,B,A,B,A,B,A,A,B,A,A,B,B,A,A,B,B,B,B,B,A,A,B,B,B,B,B,A,A,A,A,A,B,A,A,B,A,B,A,B,B,A,A,A,B,A,B,B,A,B,NA,B,A,A,B,A,B,B,A,A,B,B,B,A,B,NA,NA,A,A,B,A,B,A,B,B,B,B,B,A,B,B,B,A,A,B,A,A,B,A,B,B,A,B,A,B,B,A,B,B,B,A,B,A,B,B,A,A,B,A,B,A
RSM_1_20.65,B,B,A,A,B,B,A,A,B,B,A,A,B,B,A,A,A,A,A,B,B,B,NA,NA,B,A,A,B,A,B,A,A,B,B,NA,B,B,A,A,B,B,B,A,A,B,B,B,A,A,B,A,A,B,A,B,B,B,B,A,A,A,B,B,B,A,B,B,A,B,A,B,A,A,B,A,A,B,B,A,A,B,B,B,B,B,A,A,B,B,B,B,B,A,A,A,A,A,B,A,A,A,A,B,A,B,B,A,A,A,B,A,B,B,A,B,NA,B,A,A,B,A,B,B,A,A,B,B,B,A,B,NA,NA,A,A,B,A,B,A,B,B,B,B,B,A,B,B,B,B,A,B,A,A,B,A,B,B,A,B,A,B,B,A,B,B,B,A,B,A,B,B,A,A,B,A,B,A
RSM_1_20.75,B,B,A,A,B,B,A,A,B,B,A,A,B,B,A,A,A,A,A,B,B,B,NA,NA,B,A,A,B,A,B,A,A,B,B,NA,B,B,A,A,B,B,B,A,A,B,B,B,A,A,B,A,A,B,A,B,B,B,B,A,A,A,B,B,B,A,B,B,A,B,A,B,A,A,B,A,A,B,B,A,A,B,B,B,B,B,A,B,B,B,B,B,B,A,A,A,A,A,B,A,A,A,A,B,A,B,B,A,A,A,B,A,B,B,A,B,NA,B,A,A,B,A,B,B,A,A,B,B,B,A,B,NA,NA,A,A,B,A,B,A,B,B,B,B,B,A,B,B,B,B,A,B,A,A,B,A,B,B,A,B,A,B,B,A,B,B,B,A,B,A,B,B,A,A,B,A,B,A
RSM_1_20.85,B,B,A,A,B,B,A,A,B,B,A,A,B,B,A,A,A,A,A,B,B,B,NA,NA,B,A,A,B,A,B,A,A,B,B,NA,B,B,A,A,B,B,B,A,A,B,B,B,A,A,B,A,A,B,A,B,B,B,B,A,A,A,B,B,B,A,B,A,A,B,A,B,A,A,B,A,A,B,B,A,B,B,B,B,B,B,A,B,B,B,B,B,B,A,A,A,A,A,B,A,A,A,A,B,A,B,B,A,A,A,B,A,B,B,A,B,NA,B,A,A,B,A,B,B,A,A,B,B,B,A,B,NA,NA,A,A,B,A,B,A,B,B,B,B,B,A,B,B,B,A,A,B,A,A,B,A,B,B,A,B,A,B,B,A,B,B,B,A,B,A,B,B,A,A,B,A,B,A
RSM_1_20.95,B,B,A,A,B,B,A,A,B,B,A,A,B,B,A,A,A,A,A,B,B,B,NA,NA,B,A,A,B,A,B,A,A,B,B,NA,B,B,A,A,B,B,B,A,A,B,B,B,A,A,B,A,A,B,A,B,B,B,B,A,A,A,B,B,B,A,B,A,A,B,A,B,A,A,B,A,A,B,B,A,B,B,B,B,B,B,A,B,B,B,B,B,B,A,A,A,A,A,B,A,A,A,A,B,A,B,B,A,A,A,B,A,B,B,A,B,NA,B,A,A,B,A,B,B,A,A,B,B,B,A,B,NA,NA,A,A,B,A,B,A,B,B,B,B,B,A,B,B,B,A,A,B,A,A,B,A,B,B,A,B,A,B,B,A,B,B,B,A,B,A,B,B,A,A,B,A,B,A
RSM_1_21.05,B,B,A,A,B,B,A,A,B,B,A,A,B,B,A,A,A,A,A,B,B,B,NA,NA,B,A,A,B,A,B,A,A,B,B,NA,B,B,A,A,B,B,B,A,A,B,B,B,A,A,A,A,A,B,A,B,B,B,B,A,A,A,B,B,B,A,B,A,A,B,A,B,A,A,B,A,A,B,B,A,B,B,B,B,B,B,A,B,B,B,B,B,B,A,A,A,A,A,B,A,A,A,A,B,A,B,B,A,A,A,B,A,B,B,A,B,NA,B,A,A,B,A,B,B,A,A,B,B,B,A,B,NA,NA,A,A,B,A,B,A,B,B,B,B,B,A,B,B,B,A,A,B,A,A,B,A,B,B,A,B,A,B,B,A,B,B,B,A,B,A,B,B,A,A,B,A,B,A
RSM_1_21.15,B,B,A,A,B,B,A,A,B,B,A,A,B,B,A,A,A,A,A,B,B,B,NA,NA,B,A,A,B,A,B,A,A,B,B,NA,B,B,A,A,B,B,B,A,A,B,B,B,A,A,A,A,A,B,A,B,B,B,B,A,A,A,B,B,B,A,B,A,A,B,A,B,A,A,B,A,A,B,B,A,B,B,B,B,B,B,A,B,B,B,B,B,B,A,A,A,A,A,B,A,A,A,A,B,A,B,B,A,A,A,B,A,B,B,A,B,NA,B,A,A,B,A,B,B,A,A,B,B,B,A,B,NA,NA,A,A,B,A,B,A,B,B,B,B,B,A,B,B,B,A,A,B,A,A,B,A,B,B,A,B,A,B,B,A,B,B,B,A,B,A,B,B,A,A,B,A,B,A
RSM_1_21.25,B,B,A,A,B,B,A,A,B,B,A,A,B,B,A,A,A,A,A,B,B,B,NA,NA,B,A,A,B,A,B,A,A,B,B,NA,B,B,A,A,B,B,B,A,A,B,B,B,A,A,A,A,A,B,A,B,B,B,B,A,A,A,B,B,B,A,B,A,A,B,A,B,A,A,B,A,A,B,B,A,B,B,B,B,B,B,A,B,B,B,B,B,B,A,A,A,A,A,B,A,A,A,A,B,A,B,B,A,A,A,B,A,B,B,A,B,NA,B,A,A,B,A,B,B,A,A,B,B,B,A,B,NA,NA,A,A,B,A,B,A,B,B,B,B,B,A,B,B,B,A,A,B,A,A,B,A,B,B,A,B,A,B,B,A,B,B,B,A,B,A,B,B,A,A,B,A,B,A
RSM_1_21.35,B,B,A,A,B,B,A,A,B,B,A,A,B,B,A,A,A,A,A,B,B,B,NA,NA,B,A,A,B,A,B,A,A,B,B,NA,B,B,A,A,B,B,B,A,A,B,B,B,A,A,A,A,A,B,A,B,B,B,B,A,A,A,B,B,B,A,B,A,A,B,A,B,A,A,B,A,A,B,B,A,B,B,B,B,B,B,A,B,B,B,B,B,B,A,A,A,A,A,B,A,A,B,A,B,A,B,B,A,A,A,B,A,B,B,A,B,NA,B,A,A,B,A,B,B,A,A,B,B,B,A,B,NA,NA,A,A,B,A,B,A,B,B,B,B,B,A,B,B,B,A,A,B,A,A,B,A,B,B,A,B,A,B,B,A,B,B,B,A,B,A,B,B,A,A,B,A,B,A
RSM_1_21.45,B,B,A,A,B,B,A,A,B,B,A,A,B,B,A,A,A,A,A,B,B,B,NA,NA,B,A,A,B,A,B,A,A,B,B,NA,B,B,A,A,B,B,B,A,A,B,B,B,A,A,A,A,A,B,A,B,B,B,B,A,A,A,B,B,B,A,B,A,A,B,A,B,A,A,B,A,A,B,B,A,B,B,B,B,B,B,A,B,B,B,B,B,B,A,A,A,A,A,B,A,A,B,A,B,A,B,B,A,A,A,NA,A,B,B,A,B,NA,B,A,A,B,A,B,B,A,A,B,B,B,A,B,NA,NA,A,A,B,A,B,A,B,B,B,B,B,A,B,B,B,A,A,B,A,A,B,A,B,B,A,B,A,B,B,A,B,B,B,A,B,A,B,B,A,A,B,A,B,A
RSM_1_21.55,B,B,A,A,B,B,A,A,B,B,A,A,B,B,A,A,A,A,A,B,B,B,NA,NA,B,A,A,B,A,B,A,A,B,B,NA,B,B,A,A,B,B,B,A,A,B,B,B,A,A,A,A,A,B,A,B,B,B,B,A,A,A,B,B,B,A,B,A,A,B,A,B,A,A,B,A,A,B,B,A,B,B,B,B,B,B,A,B,B,B,B,B,B,A,A,A,A,A,B,A,A,B,A,B,A,B,B,A,A,A,NA,A,B,B,A,B,NA,B,A,A,B,A,B,B,A,A,B,B,B,A,B,NA,NA,A,A,B,A,B,A,B,B,B,B,B,A,B,B,B,A,A,B,A,A,B,A,B,B,A,B,A,B,B,A,B,B,B,A,B,A,B,B,A,A,B,A,B,A
RSM_1_21.65,B,B,A,A,B,B,A,A,B,B,A,A,B,B,A,A,A,A,A,B,B,B,NA,NA,B,A,A,B,A,B,A,A,B,B,NA,B,B,A,A,B,B,B,A,A,B,B,B,A,A,A,A,A,B,A,B,B,B,B,A,A,A,B,B,B,A,B,A,A,B,A,B,A,A,B,A,A,B,B,A,B,B,B,B,B,B,A,B,B,B,B,B,B,A,A,A,A,A,B,A,A,B,A,B,A,B,B,A,A,A,NA,A,B,B,A,B,NA,B,A,A,B,A,B,B,A,A,B,B,B,A,B,NA,NA,A,A,B,A,B,A,B,B,B,B,B,A,B,B,B,A,A,B,A,A,B,A,B,B,A,B,A,B,B,A,B,B,B,A,B,A,B,B,A,A,B,A,B,A
RSM_1_21.75,B,B,A,A,B,B,A,A,B,B,A,A,B,B,A,A,A,A,A,B,B,B,NA,NA,B,A,A,B,A,B,A,A,B,B,NA,B,B,A,A,B,B,B,A,B,B,B,B,A,A,A,A,A,B,A,B,B,B,B,A,A,A,B,B,B,A,B,A,A,B,A,B,A,A,B,A,A,B,B,A,B,B,B,B,B,B,A,B,B,B,B,B,B,A,A,A,A,A,B,A,A,B,A,B,A,B,B,A,A,A,NA,A,B,B,A,B,NA,B,A,A,B,A,B,B,A,A,B,B,B,A,B,NA,NA,A,A,B,A,B,A,B,B,B,B,B,A,B,B,B,A,A,B,A,A,B,A,B,B,A,B,A,B,B,A,B,B,B,A,B,A,B,B,A,A,B,A,B,A
RSM_1_21.85,B,B,A,A,B,B,A,A,B,B,A,A,B,B,A,A,A,A,A,B,B,B,NA,NA,B,A,A,B,A,B,A,A,B,B,NA,B,B,A,A,B,B,B,A,B,B,B,B,A,A,A,A,A,B,A,B,B,B,B,A,A,A,B,B,B,A,B,A,A,B,A,B,A,A,B,A,A,B,B,A,B,B,B,B,B,B,A,B,B,B,B,B,B,A,A,A,A,A,B,A,A,B,A,B,A,B,B,A,A,A,NA,A,B,B,A,B,NA,B,A,A,B,A,B,B,A,A,B,B,B,A,B,NA,NA,A,A,B,A,B,A,B,B,B,B,B,A,B,B,B,A,A,B,A,A,B,A,B,B,A,B,A,B,B,A,B,B,B,A,B,A,B,B,A,A,B,A,B,A
RSM_1_21.95,B,B,A,A,B,B,A,A,B,B,A,A,B,B,A,A,A,A,A,B,B,B,NA,NA,B,A,A,B,A,A,A,A,B,B,NA,B,B,A,A,B,B,B,A,B,B,B,B,A,A,A,A,A,B,A,B,B,B,B,A,A,A,B,B,B,A,B,A,A,B,A,B,A,A,B,A,A,B,B,A,B,B,B,B,B,B,A,B,B,B,B,B,B,A,A,A,A,A,B,A,A,B,A,B,A,B,B,A,A,A,NA,A,B,B,A,B,NA,B,A,A,B,A,B,B,A,A,B,B,B,A,B,A,NA,A,A,B,A,B,A,B,B,B,B,B,A,B,B,B,A,A,B,A,A,B,A,B,B,A,B,A,B,B,A,B,B,B,A,B,A,B,B,A,A,B,A,B,A
RSM_1_22.05,B,B,A,A,B,B,A,A,B,B,A,A,B,B,A,A,A,A,A,B,B,B,NA,NA,B,A,A,B,A,A,A,A,B,B,NA,B,B,A,A,B,B,B,A,B,B,B,B,A,A,A,A,A,B,A,B,B,B,B,A,A,A,B,B,B,A,B,A,A,B,A,B,A,A,B,A,A,B,B,A,B,B,B,B,B,B,A,B,B,B,B,B,B,A,A,A,A,A,B,A,A,B,A,B,A,B,B,A,A,A,NA,A,B,B,A,B,NA,B,A,A,B,A,B,B,A,A,B,B,B,A,B,A,NA,A,A,B,A,B,A,B,B,B,B,B,A,B,B,B,A,A,B,A,A,B,A,B,B,A,B,A,B,B,A,B,B,B,A,B,A,B,B,A,A,B,A,B,A
RSM_1_22.15,B,B,A,A,B,B,A,A,B,B,A,A,B,B,A,A,A,A,A,B,B,B,NA,NA,B,A,A,B,A,A,A,A,B,B,NA,B,B,A,A,B,B,B,A,B,B,B,B,A,A,A,A,A,B,A,B,B,B,B,A,A,A,B,B,B,A,B,A,A,B,A,B,A,A,B,A,A,B,B,A,B,B,B,B,B,B,A,B,B,B,B,B,B,A,A,A,A,A,B,A,A,B,A,B,A,B,B,A,A,A,NA,A,B,B,A,B,NA,B,A,A,B,A,B,B,A,A,B,B,B,A,B,A,NA,A,A,B,A,B,A,B,B,B,B,B,A,B,B,B,A,A,B,A,A,B,A,B,B,A,B,A,B,B,A,B,A,B,A,B,A,B,B,A,A,B,A,B,A
RSM_1_22.25,B,B,A,A,B,B,A,A,B,B,A,A,B,B,A,A,A,A,A,B,B,B,NA,NA,B,A,A,B,A,A,A,A,B,B,NA,B,B,A,A,B,B,B,A,B,B,B,B,A,A,A,A,A,B,A,B,B,B,B,A,A,A,B,B,B,A,B,A,A,B,A,B,A,A,B,A,A,B,B,A,B,B,B,B,B,B,A,B,B,B,B,B,B,A,A,A,A,A,B,A,A,B,A,B,A,B,B,A,A,A,NA,A,B,B,A,B,NA,B,A,A,B,A,B,B,A,A,B,B,B,A,B,A,NA,A,A,B,A,B,A,B,B,B,B,B,A,B,B,B,A,A,B,A,A,B,A,B,B,A,B,A,B,B,A,B,A,B,A,B,A,B,B,A,A,B,A,B,A
RSM_1_22.35,B,B,A,A,B,B,A,A,B,B,A,A,B,B,A,A,A,A,A,B,B,B,NA,NA,B,A,A,B,A,A,A,A,B,B,NA,B,B,A,A,B,B,B,A,B,B,B,B,A,A,A,A,A,B,A,B,B,B,B,A,A,A,B,B,B,A,B,A,A,B,A,B,A,A,B,A,A,B,B,A,B,B,B,B,B,B,A,B,B,B,B,B,B,A,A,A,A,A,B,A,A,B,A,B,B,B,B,A,A,A,NA,A,B,B,A,B,NA,B,A,A,B,A,B,B,A,A,A,B,B,A,B,A,NA,A,A,B,A,B,A,B,B,B,B,B,A,B,B,B,A,A,B,A,A,B,A,B,B,A,B,A,B,B,A,B,A,B,A,B,A,B,B,A,A,B,A,B,A
RSM_1_22.45,B,B,A,A,B,B,A,A,B,B,A,A,B,B,A,A,A,A,A,B,B,B,NA,NA,B,A,A,B,A,A,A,A,B,B,NA,B,B,A,A,B,B,B,A,B,B,B,B,A,A,A,A,A,B,A,B,B,B,B,A,A,A,B,B,B,A,B,A,A,B,A,B,A,A,B,A,A,B,B,A,B,B,B,B,B,B,A,B,B,B,B,B,B,A,A,A,A,A,B,A,A,B,A,B,B,B,B,A,A,A,NA,A,B,B,A,B,NA,B,A,A,B,A,B,B,A,A,A,B,B,A,B,A,NA,A,A,B,A,B,A,B,B,B,B,B,A,B,B,B,A,A,B,A,A,B,A,B,B,A,B,A,B,B,A,B,A,B,A,B,A,B,B,A,A,B,A,B,A
RSM_1_22.55,B,B,A,A,B,B,A,A,B,B,A,A,B,B,A,A,A,A,A,B,B,B,NA,NA,B,A,A,B,A,A,A,A,B,B,NA,B,B,A,A,B,B,B,A,B,B,B,B,A,A,A,A,A,B,A,B,B,B,B,A,A,A,B,B,B,A,B,A,A,B,A,B,A,A,B,A,A,B,B,A,B,B,B,B,B,B,A,B,B,B,B,B,B,A,A,A,A,A,B,A,A,B,A,B,B,B,B,A,A,A,NA,A,B,B,A,B,NA,B,A,A,B,A,B,B,A,A,A,B,B,A,B,A,NA,A,A,B,A,B,A,B,B,B,B,B,A,B,B,B,A,A,B,A,A,B,A,B,B,A,B,A,B,B,A,B,A,B,A,B,A,B,B,A,A,B,A,B,A
RSM_1_22.65,B,B,A,A,B,B,A,A,B,B,A,A,B,B,A,A,A,A,A,B,B,B,NA,NA,B,A,A,B,A,A,A,A,B,B,NA,B,B,A,A,B,B,B,A,B,B,B,B,A,A,A,A,A,B,A,B,A,B,B,A,A,A,B,B,B,A,B,A,A,B,A,B,A,A,B,A,A,B,B,A,B,B,B,B,B,B,A,B,B,B,B,B,B,A,A,A,A,A,B,A,A,B,A,B,B,B,B,A,A,A,NA,A,B,B,A,B,NA,B,A,A,B,A,B,B,A,A,A,B,B,A,B,A,NA,A,A,B,A,B,A,B,B,B,B,B,A,B,B,B,A,A,B,A,A,B,A,B,B,A,B,A,B,B,A,B,A,B,A,B,A,B,B,A,A,B,A,B,A
